其他农产品,电工器材,其他,电器类产品,成品油,塑料制品,家具及其零件,钢材,服装及衣着附件,自动数据处理设备及其零部件,粮食,集成电路,纺织品,汽车及零配件,手机
1977139000,1269928000,25825936000,2426033000,409750000,966229000,1019993000,943843000,5202572000,6677301000,145870000,0,2883502000,978117000,0
1425173000,1051249000,23043229000,2287386000,294995000,791743000,805707000,942162000,3923611000,6523296000,97885000,0,2248256000,841430000,0
2108643000,1546873000,31329286000,3632319000,642716000,1102122000,1077127000,1358787000,4568028000,8975361000,214422000,0,3148103000,1140634000,0
2130013000,1574404000,32236463000,3554366000,605729000,1192044000,1098612000,1306885000,5162109000,8310301000,128974000,0,3540095000,1243466000,0
1975688000,1442812000,30424599000,3087188000,669563000,1126180000,988619000,1358037000,5007695000,7494166000,167347000,0,3440625000,1239590000,0
2154234000,1598368000,34358885000,3241734000,528363000,1225306000,1056266000,1401384000,6589651000,8325809000,314869000,0,3704668000,1430373000,0
2089910000,1653773000,33956125000,3251939000,600576000,1198148000,991413000,1058538000,7459339000,8255480000,191455000,0,3506024000,1318598000,0
2060856000,1752795000,35302503000,3318380000,812964000,1267812000,1003979000,914026000,7798070000,8837943000,126817000,0,3771774000,1404138000,0
2086303000,1819706000,36252585000,3607363000,546308000,1278296000,1023381000,889845000,7742101000,9625795000,120596000,0,3766023000,1389607000,0
2126053000,1778930000,35550662000,3811121000,295631000,1234769000,1104459000,865600000,6439723000,9855330000,106128000,0,3469449000,1387379000,0
2448886000,2008428000,37473005000,4194010000,479771000,1301867000,1228309000,964054000,6056415000,10830348000,132535000,0,3513575000,1562939000,0
2633110000,2061841000,39617640000,4133559000,525105000,1368214000,1329162000,1074992000,6507387000,10940364000,168146000,0,3544085000,1492751000,0
2347115000,1657476000,33966387000,3407522000,449872000,1303659000,1366393000,1032940000,6514283000,7866795000,151495000,0,3537062000,1524405000,0
1440442000,1442263000,28679121000,2812827000,593061000,952952000,914027000,1066297000,4044430000,8262021000,213880000,0,2382437000,1302204000,0
2421443000,2050976000,41510871000,4030442000,570151000,1442619000,1477881000,1529264000,6279406000,10666480000,183845000,0,4060422000,1795262000,0
2364745000,2078765000,40861557000,3959090000,562961000,1484487000,1446743000,1483198000,6671342000,9767339000,103172000,0,4256967000,1787330000,0
2254557000,1950247000,38875976000,3599320000,630586000,1398123000,1316244000,1888416000,6878185000,8421447000,94651000,0,4084004000,1680234000,0
2354966000,2131088000,43046811000,3293737000,539617000,1460126000,1315491000,2474336000,8503192000,9951093000,89844000,0,4289335000,1830984000,0
2387099000,2106162000,42054586000,3185596000,592984000,1450574000,1231429000,2195263000,9311475000,9897389000,69973000,0,4006223000,1807586000,0
2562201000,2381034000,48257579000,3629159000,668370000,1596345000,1328584000,2493613000,10407415000,10791798000,62870000,0,4495293000,2051228000,0
2583071000,2444486000,49041201000,4031157000,547877000,1553213000,1309604000,2667549000,9644712000,11382550000,59788000,0,4271724000,2039544000,0
2634154000,2372175000,46789891000,4365390000,529689000,1451046000,1365614000,2834602000,8052685000,11622249000,91753000,0,4077106000,1910744000,0
3047229000,2580056000,49742510000,4753794000,747410000,1502320000,1528936000,3048685000,8376332000,14115319000,144184000,0,4134493000,2084778000,0
2993935000,2552774000,49033816000,3815458000,615608000,1524589000,1596681000,3515488000,8772651000,12891463000,195245000,0,4369781000,2122709000,0
2802287000,2653849000,44469275000,4722505000,507394000,1563504000,1760650000,2891589000,7973573000,9000334000,266970000,1801466000,3928608000,2233846000,0
2443190000,2405369000,41882546000,4801008000,736687000,1400594000,1579308000,2941623000,7268380000,8783971000,260053000,1588026000,3747716000,2188128000,0
2288435000,2485009000,42864858000,5593387000,771038000,1275402000,1305932000,3388840000,4567574000,11332952000,334271000,1928083000,3224609000,2035134000,0
2810819000,2957003000,50329521000,6225209000,771517000,1699893000,1700657000,4578302000,7825550000,9212824000,185152000,1817307000,4763916000,2518878000,0
2672798000,2884521000,49069310000,5896773000,710198000,1651078000,1609968000,4182507000,8345556000,7957099000,82372000,1863815000,4580263000,2512031000,0
2776550000,3048128000,52474869000,5830593000,869969000,1783244000,1623521000,4395038000,11453432000,9732035000,120790000,1924002000,4507464000,2703700000,0
2764058000,3331037000,55411795000,6020193000,649914000,1753198000,1713778000,4299813000,11959578000,9749904000,151841000,1927421000,5118728000,2871326000,0
2717089000,3576755000,56502298000,6543543000,803685000,1689929000,1770896000,3948517000,12455408000,10535703000,135713000,2197769000,5317769000,3159462000,0
2564725000,3676738000,56432093000,7448030000,911228000,1596868000,1691402000,3380595000,12262034000,11850651000,156640000,2208415000,5116651000,3076809000,0
2731648000,3492348000,54116766000,8241154000,715495000,1552362000,1768430000,3138694000,9870699000,12163896000,149692000,2063217000,4761422000,2958010000,0
3459803000,3849104000,59599795000,8994989000,844017000,1667579000,2054199000,3216689000,9682295000,13223375000,193660000,2240978000,5091451000,3502721000,0
3751484000,3756505000,58995522000,7017089000,858326000,1691625000,2149464000,3765705000,9473768000,12225336000,225878000,2041910000,4861820000,3601372000,0
3446806000,3614600000,58020581000,5943887000,845298000,1727606000,2351521000,3488030000,9749380000,9758934000,172035000,1846577000,5297924000,3311499000,0
2395597000,2787840000,46145088000,5031286000,922736000,1184835000,1525597000,2754515000,6353317000,9982674000,187825000,1609081000,3694675000,2733374000,0
2806580000,3691043000,58671230000,6908718000,903167000,1597413000,1974957000,3678380000,6605293000,11605553000,192561000,1958083000,4935140000,3404387000,0
3297580000,3963296000,64116278000,7271442000,951929000,1796272000,2197241000,4434967000,8104772000,10950192000,134225000,2104297000,5870419000,3549349000,0
3259352000,4040745000,65371735000,7239491000,1225312000,1757826000,1972345000,5470160000,8413872000,10213022000,104315000,1981859000,5728359000,3718198000,0
3161237000,3946377000,65205288000,6801407000,1217005000,1697771000,1919395000,5440229000,9676685000,10816100000,117001000,2117408000,5533287000,3530056000,0
3513554000,4401696000,71472215000,7177874000,1499929000,1848708000,1942479000,7832770000,12292134000,12440505000,112089000,2306564000,6033849000,3800320000,0
3186814000,4238719000,69833385000,7140512000,1290742000,1883706000,1842193000,8792379000,12299454000,12262295000,127311000,2281044000,5936469000,3757450000,0
3297700000,4425628000,70369067000,8638543000,1328665000,1868462000,1858163000,7937697000,11829148000,13015600000,100619000,2317692000,5832842000,3612095000,0
3189014000,4039665000,65727545000,8607839000,1290757000,1839543000,1939873000,5811009000,10991825000,13710010000,111020000,2230384000,5452157000,3386148000,0
3355024000,3755356000,59456996000,7113119000,979980000,2022675000,2251688000,3901581000,10260183000,12135206000,119376000,1784970000,4910309000,2940511000,0
3643234000,3416050000,58042421000,5604427000,1204318000,2281451000,2489916000,3933305000,10903488000,10103557000,117138000,1818444000,4895509000,2703632000,0
3009380000,2660263000,47839709000,4423145000,534335000,1589892000,2209036000,2352506000,10286839000,7372045000,134170000,1153056000,4665870000,2144271000,0
2018122000,2099562000,35197832000,3905151000,628952000,868117000,1116589000,1762129000,4009239000,7804532000,141665000,1412162000,2514163000,1376298000,0
2886944000,2825275000,47719839000,5346041000,581494000,1494005000,2112365000,1801911000,7264679000,9607531000,151012000,1686408000,4671928000,2106758000,0
2976557000,2986124000,48849101000,5660889000,813682000,1604176000,1972781000,1575041000,7209397000,9189479000,170055000,1629681000,5068015000,2212260000,0
2915108000,2884955000,47533867000,5702284000,694999000,1572762000,1859805000,1344775000,7254673000,7959403000,139842000,1739142000,4834803000,2321164000,0
3087658000,2943228000,49837418000,5505623000,1111803000,1531710000,1622751000,1355225000,8889655000,10185604000,150104000,1974205000,4866957000,2449769000,0
3152119000,3286006000,54655426000,6103024000,1024493000,1702549000,1855375000,1597291000,10819017000,11137966000,106437000,2000447000,5252022000,2727801000,0
3008424000,3229775000,54430828000,6094754000,1257948000,1644986000,1788870000,1660925000,10302808000,10407050000,101592000,1970021000,5088115000,2720593000,0
3507438000,3674240000,60351683000,7692531000,1185896000,1789776000,1929940000,1990754000,10846985000,11869843000,74893000,2494133000,5583824000,2945632000,0
3184546000,3393456000,56035503000,8056147000,1133775000,1626092000,1939878000,2106677000,9180398000,13731591000,119794000,2232991000,5215573000,2805448000,0
3577293000,3478895000,58358424000,7930861000,1293337000,1727986000,2294737000,2191543000,8430801000,13552759000,149193000,2369625000,5294047000,3003522000,0
4249978000,4222730000,67701489000,7376821000,2288658000,2225091000,2923069000,2533019000,10363049000,14497915000,174540000,2659418000,6147123000,3360759000,0
3667818606,3353080006,56718332969,5539480266,1682149207,1831211346,2474096589,2223895903,9823993625,11251802063,167248266,2282281344,5521223720,2953543297,0
2697518241,2935076876,49691698873,5221649577,1001277301,1559163701,1989347851,1933880741,7897275526,10641073469,121631818,1811265099,4503961826,2458378537,0
3381736417,3673082746,60015350790,6959971074,1715869022,1741343815,2185052105,2568755965,5801056292,13355868454,149882274,2455275640,4954724696,3101470605,0
3578928338,4017437821,63119110517,7005670835,1650166981,2025845881,2524474465,3265499773,7963177215,12653144380,117928058,2387305845,6311737913,3230697353,0
3768639993,4391935217,69583079132,7585134033,1774661108,2272523269,2792508227,3962234346,9245174868,13356306959,125860408,2411304564,6873355950,3518161912,0
3771684940,4435951033,70688342569,7406050759,1431688859,2331262095,2776540443,4712156666,11334302273,15231222830,106002782,2333897930,6987322681,3792675793,0
4026309364,4723493901,76414256424,7740601757,1577699569,2455945107,2719643766,4010904641,13303252299,14846504540,115634790,2543518303,7081948616,3874723488,0
3939608846,4669810838,74674982653,7838817938,1322389192,2308614350,2485750875,2726034082,13135297510,13272821712,79982889,2518186186,6565705400,3697945758,0
4047875043,4788467691,77008385154,8276874605,1276167943,2310609959,2363059324,2843389746,12898542605,15751274770,88410229,2752273495,6701566282,3815888514,0
3900514008,4314503151,71288949763,8159242606,1115143907,2133294174,2392022911,2718193461,11270933984,16194523360,130811040,2527666229,6200165499,3571328252,0
5061776674,4832369799,83274007959,8606078235,1267359386,2511437884,3031487996,2941017955,11713862434,16142438256,167237728,2561473085,6977995766,4190842987,0
5429081454,5100689994,82094498361,7729936126,1213397303,2655548863,3277846448,2910948429,12297696784,17053623029,196842289,2660302609,7286517278,4193635493,0
5464731129,4816670973,82137374167,7001324936,1396052186,2670531996,3375372772,3192080197,13098838096,12326174417,184225436,2626217835,8145159361,4262374411,0
2737190572,3127210285,54157516602,5083150736,1228153961,1429449959,1658126764,2482795710,6260743491,9861587360,94803136,1913024670,3958271569,2689242669,0
4851833286,4887175519,84306236896,7652432024,1941579881,2513800838,2877186337,4738137328,8445591354,14582184513,205036942,2837400879,7787325890,4507702312,0
4930452703,5076602378,84723440572,7553361499,1604202225,2708610499,3139140058,4829201723,10851688098,14426391135,185656870,2552603381,8661035321,4349663905,0
4722885701,5155998331,85562797887,7704419745,2083950996,2751297958,2869278591,4987731849,11457971176,13972745504,181907153,2660319028,8515326396,4424548735,0
4504875438,5167833679,86641393287,7824374651,1804345459,2785100256,2815954661,4635364435,14233524130,15816218570,147835427,2585092446,8246610689,4686536668,0
4857170108,5369426764,93514910864,8003137623,1937392748,3034999177,2957027542,4850417861,16905208707,16993301017,108679359,2808064157,8581586141,5229464663,0
4799304391,5594665261,92086653173,8403829805,1872052718,3106278529,2898820592,4598423635,16660083883,16892065794,106659755,2644031593,8230634455,5345027140,0
4836096422,5558794822,91191996262,8768315820,1861425319,2964246530,2653176163,4502227887,14646684796,16515914799,99454174,2862432400,7815880739,5302880376,0
4692848916,4997473525,84606961463,8323144041,1367265802,2733794100,2654005713,4043227066,11914470683,17162529470,143477987,2460920343,7327762400,4924604501,0
5634917135,5477367051,96349940878,8165902595,1775432027,3476063221,3692190533,4459640190,12071212381,16868935837,204127339,3088171242,7918667301,5203209826,0
6197819492,5557636512,95294512676,7686401294,1894189903,3324111086,3841444838,3932649121,13146012264,16546914735,157418671,3521876072,8185969520,5337091720,0
5215939336,4834566726,81549642962,6571206393,1615558669,2762110958,3301616539,3783484881,13517551447,12028159952,197561141,2001043509,7576071368,4906880591,0
3583272313,3815778153,63867739749,5819233775,1898059314,1720669488,1827136062,3193979986,5291051913,12946578224,124138350,2447506691,4173205799,3700997926,0
4999541693,5649510421,90565132178,8129813535,1899990375,3073482966,3426921279,4746299223,9992691017,16132085183,222297311,3131518363,8387141538,5220738317,0
4778895380,5391349167,89589118177,8164992812,1548812177,3563809152,3812615415,4416474478,10102258687,15022402205,236144293,3037968278,8299612705,5164093956,0
5024134782,5945591136,99563399241,8453999417,1865526052,4278420434,4473342088,5002997373,12289615522,16067994009,167378364,2959922537,9108509984,5832728105,0
4848023689,5689890978,96300362593,7945093835,1844655587,3943914737,4198302487,4977172034,14147224395,17379079341,152712764,4411508027,8290726895,5702819963,0
4779430398,5621240583,95126592290,7469507029,1501504029,4155152486,4163859224,4206322015,15478595673,16136787710,116647777,4615251160,7878182818,5669285780,0
4902162264,5684099398,95587205805,8034137941,1693729858,4053355590,3745263338,4069770424,16137377247,14617114411,122438664,5574075558,7897037356,5768549309,0
5220877641,6102727983,99147165854,8865046821,1728921808,4277084844,3973795203,4553424452,16183176202,15519343115,133206394,6320093396,8389952457,5703310014,0
5073723275,5328221591,92168392530,8526865316,1601801920,3963262997,4045912676,4030526690,14387534777,18120966411,146486280,5172450502,7922771605,5028212991,0
5867264050,5515817225,95353166251,7776302013,1945437872,3461082784,3539470020,4293898689,12567175622,19442800689,191667443,6034536458,8006284373,5346116933,0
6289152736,6281894104,1.05533E+11,8076441205,2165951216,4330175156,5367686474,4212747304,15158871066,19646081137,189678182,7728323370,8475585532,5661954304,0
5777487406,5688473726,1.00022E+11,7026328445,2087213579,3910967940,5137680377,4238275428,15121994531,15974643047,175874537,7532170646,9089616343,5503191944,0
3698406658,4500650989,73552059027,5670975372,1965436349,2828253132,3203196980,3640656081,10312750635,13502814686,172540467,6350168684,5810144266,4093428193,0
5019351648,5848170393,96281598882,7668344719,2383999619,3319018740,3268372337,4490346001,8917386551,16168152876,199707047,15901028060,7389456043,5245265826,0
5443252414,6004316516,97064758982,8942894392,2406501592,4082997178,4224507641,4912057842,12270492031,14838613549,191784212,11749181486,9543746625,5283604789,0
5438232229,6014153933,98616172094,8400123252,2294183025,4422111166,4323728385,4894812370,12860915363,13944685478,214748187,5889334075,9605665132,5761751272,0
5081282517,5603145570,92907138187,7806541026,1691178406,4002252084,3912321609,4584489260,14454825048,14296951024,164716011,5032843140,9119271391,5581757679,0
5355548870,6038027723,97433448605,8135715206,1714820276,4081121126,3878076570,4412776714,17648607861,15019588815,159110756,6541577992,9454007721,6044577613,0
5290852805,6225260583,1.00388E+11,8371359415,1997579575,4092261308,3548687002,4936104652,18194185382,15548618522,129118413,6582212572,9240864159,5951330350,0
5327626911,6213664029,99740232447,8890284489,1837875345,4087034623,3469430681,4073044088,17091919100,14797945753,123811365,5054790326,8963062780,5644212969,0
5523381362,5983530155,98602178689,9508817354,2101708140,4294719452,4132691687,4196730142,15170641306,16568300884,129598079,5257974888,8443903238,5388034205,0
6251868772,6587593860,1.08638E+11,9123542902,1772199988,4564689812,4622459264,4262223532,14660271582,20120372053,163965429,5946802914,9353258658,6031409110,0
6890639693,6837160110,1.11448E+11,8818768601,2252488734,4823143006,4958090929,4571249443,15903589826,19535731231,171731591,5725978228,9635604405,6096530814,0
6548341129,6699381929,1.1285E+11,8314782330,1978674784,5005785811,5310214097,5605404628,17664251150,15868140833,174832083,4028112633,10428456726,6561149363,0
3119534100,3924434209,61811588956,5296677762,1805896117,2233800698,2017726538,3684008596,6464537249,12355971176,90590301,3454422130,4139310310,3654545895,0
5364119097,5898293871,92435598412,8177747343,2469246694,3674272996,3229799884,5256383865,10071261362,14738722169,140107411,4847831972,8166588579,5546131033,0
5906414605,6758797400,1.01277E+11,9044844169,1974415608,4488233309,3964279932,6012682181,12847925889,14528251934,138516070,4965883816,10441620153,6116127247,0
5941166724,6878268014,1.0511E+11,8847286663,2174559030,4544941546,4099986373,6371976842,14175883454,15218134125,162827421,5617848500,10337033667,6127104646,0
5733194508,6409065114,99822691795,7869913845,2073279587,4110422393,3772173216,5569393152,16005421701,15167594519,121765409,5160749703,9144397857,5812978961,0
5898272253,7235224128,1.13449E+11,9167653725,2043855770,4695140854,4223903881,6304229713,19759559594,16751169103,137627285,6358447405,9959201618,6784764742,0
5719831930,7209545846,1.10847E+11,9381397357,2444035822,4642503881,4132956856,6027469215,20058535534,15941078925,107487287,5750048568,9801560147,6286132420,0
5764097649,6892249841,1.19805E+11,9144732964,1875136849,4586256051,4000073636,6296093518,18337274750,15684786314,120718516,5388879926,9610123915,6081775801,0
5997871840,6748886160,1.12262E+11,9251882426,2714225578,4360761551,4064352410,6145920297,16403660633,17870996288,165569984,5376230957,9609757110,5807823163,0
6602968525,7009396292,1.16521E+11,8933268916,2025752557,4467709572,4623819387,6653290657,14453988501,20048748038,223809058,4666093205,9417888270,5935424762,0
6942748230,7794220627,1.27597E+11,8737351279,2205684990,4976518062,5186997174,6887030782,15506154425,19701428573,213599949,5250909954,9649712531,6797093004,0
6147516196,6751080441,1.11492E+11,7973021063,1469183580,4905148385,5357821191,6846844567,15375669638,13191874400,130972134,4546849527,9603174983,6085162191,0
4821100424,5858703406,94843902581,7153603802,1029063515,4095459140,4324997188,5252658072,12874376001,11680157291,110509870,3334711425,8307685992,5263466676,0
4415273935,5191684878,81509257912,6512479426,1569196640,2815781408,2703764717,4731419075,6471517616,13265575054,93519720,4570323606,5777424919,4607771206,0
5414440905,6431555535,98499932232,8121819505,1482178707,4233995998,3963456434,5236456275,10106799638,12618995247,149786574,4559132687,9298910993,5785160362,0
5686889370,6764626260,1.04341E+11,8669287810,1294942466,4542886503,4426683977,5329876821,12958751689,13055442505,124495663,5627011498,9924837744,6053460932,0
5502016989,6598594106,1.03683E+11,8173240692,1690348953,4475793010,4054258499,5109899067,15466803975,13298250668,119166209,6156084511,9342300224,5874359722,0
5420953694,6646023099,1.0582E+11,8162729943,1544246781,4424270013,3787297711,5316380887,17265121665,13607225322,83337873,5735086599,9367730134,5975285495,0
5492586153,6788633608,1.06231E+11,9020475042,1698348987,4593367678,3677225774,5142230686,18569071806,13568168736,73500783,6157529257,9592242870,5557657188,0
5935345519,7219130628,1.13252E+11,9394226999,1949862766,4579750044,3707176132,5674030493,16714624959,14659175585,125711698,6305315273,9552423787,5854787272,0
5974113334,6555918389,1.07747E+11,8471997587,1570314885,4305237735,3856757072,4663738151,14070052117,14644872244,105703190,5969637387,9073435641,5180625367,0
6366930486,6701212201,1.10299E+11,8247518172,1871690196,4548751559,4287214305,4618244319,12974729265,15323898396,119609242,7537358579,8564065312,5143003225,0
7609932341,7584444078,1.24567E+11,9159113312,1925890357,5094693900,5044509776,4874195023,16609374248,16341655806,153053526,8524821437,9675881736,5972892849,0
6115989718,6075272290,95235807450,7350375756,1277794926,4437919929,4664016707,4294569127,13897024450,10661050426,108614247,4544673562,9233105274,5017302257,0
4111760211,4331541457,67303091080,5461364383,1192697587,2783965846,2580049628,3476684117,9011013695,9789651376,78089287,3359589430,5932288539,4207339309,0
5648796708,5884080727,86701922719,7408704264,1272664822,3765791320,3290041883,4210135881,8339066289,12165890175,112934934,5634442088,7707197600,5114203352,0
5448922334,6394490292,93600621042,8030215977,1250462363,4489602198,3835004419,4265608438,10597316004,11511671234,131871391,5108372555,9456218665,5257984799,0
6084815458,6539363137,97432450359,8167375617,1362366750,4630977490,3893776943,4710329806,12729655717,11290216338,129155692,5288558083,9948429137,5850832133,0
5547114907,6362411123,95600622831,7712751497,1566729618,4200561448,3594317236,5533495848,14228345353,12399825302,123944524,5392106932,8894125665,5455598594,0
6050829222,6570135169,98178816724,8219148689,1875795573,4359089436,3647481704,5320039840,15616869114,12458125292,117567484,5307372794,8917979781,5667359867,0
6319560569,7075979124,1.02495E+11,8889977718,1563395755,4625727233,3756829015,4874696591,17197568004,12822556073,110660917,4659097141,10100441668,6100961502,0
5804257155,6776572010,1.02075E+11,8721641956,1796843334,4174831677,3477125769,4706799524,14530729882,12904974190,145986180,5429942655,7555186861,5506748312,0
5928403488,6334554261,98451740799,8201755881,1781318054,4081596944,3390076608,4179728407,12512176866,13550991794,133472308,4989374976,8466082366,5078624074,0
6988486708,7048113739,1.07565E+11,8822835609,2032467058,4493010712,4094324524,4538963271,12076667522,15087410864,168547745,6020141019,8861798886,5822098151,0
7167854954,7680072837,1.18403E+11,8567108965,2396039549,5133253987,4651995067,4597192285,13872629340,15537235059,135471292,6310068783,9055441283,5799046555,0
6315204174,6466970162,1.00258E+11,7511771607,1395255293,4556876930,4308553361,4542635734,13812371173,11514563272,124075118,4374614308,9446320075,5646400020,0
3652509217,4177951811,65900394692,5301888250,2057886005,2452297033,2115901876,3521198632,6151381755,10658109030,100351827,4444615821,4476773602,3836377827,0
5872646674,6782776938,98753410569,8197628892,2321363862,4462153339,3935634719,5111671784,10507993725,13901378499,151348471,4717190578,8938312006,5594357462,0
5691749428,6636725897,97518166809,8154161335,1721492506,4603617292,4035082872,4749652312,11335490730,12760017180,154498918,5041280737,9645522461,5715934027,0
6013145001,7012898979,1.03929E+11,8592764918,1931564881,4930327250,4260435767,5033982587,12534393163,13145240661,165907326,5073012685,10246154409,6219220143,0
6046437087,7015048429,1.05492E+11,8144623853,2012534849,4768608234,4030689032,4821944171,14238899995,16584212352,163798219,5753779170,9499955384,6182457570,0
5934531301,6923515172,1.03061E+11,8161844163,2120883266,4620687657,3684504069,4776452763,15585724144,16034988588,126965225,5960626776,9171080142,5956642340,0
6163189363,7434769074,1.06184E+11,8628053689,2110202178,4607575396,3647649408,4703942940,15934603473,16598631241,110853025,6116152294,9516207671,6287067326,0
5931737246,7423218805,1.09027E+11,9262885884,1754525199,4594919983,3609040214,3904693472,14351200282,16788217774,149158881,6254040952,8835372213,6057426744,0
6328141017,6843532672,1.03693E+11,8471375822,1893212703,4185010890,3593407328,3967173835,12143571030,16183830482,157120000,5559178642,9076308832,5808591652,0
7592889447,7976210064,1.19992E+11,9189047271,2880110685,5035509846,4333433441,4434122998,12752374492,18989840533,187266377,6216426055,9830876711,6428497263,0
7789837859,8791998188,1.30793E+11,9144831576,3262940218,5737284357,4715939833,4934269415,13445396857,18548412754,189162958,7364129957,10025141158,6780757479,0
6785966506,7355401457,1.1202E+11,8259289933,2223654818,4905327037,4548847474,4243672776,12606658200,14462148853,189475263,6067444713,9849892133,5950842112,0
4888148933,6457017106,93880046653,7361593488,2065490996,4242096855,3618599671,4211231340,10943835651,13036919091,124245918,5235635528,8793277748,5690326774,0
5637061973,6648936280,94588074035,7723427795,3831695806,3692746681,2937250970,4695294769,6917503325,17426142615,141341646,7087179339,6906454989,5667178558,0
6461616348,7644161426,1.08226E+11,8607265609,3015865952,4929311236,4036142119,5465136880,10486066029,16601816002,206512390,6337275937,10375159522,6544285479,0
6490187152,8002726975,1.15277E+11,8933605874,3699160693,5331198366,4417337258,5936569771,11630795956,16920942964,146916836,6878831486,11077841625,6848820052,0
6308994212,8192593520,1.16927E+11,8696411665,3010510382,5442002244,4406676512,5895917933,14332741688,17330466533,158640979,7473229755,10517567882,6903413213,0
6669245804,8241022357,1.15358E+11,8676535256,2886773779,5189460295,3986511894,5212523255,16244571823,17805674368,167855927,7080689763,9984346399,6899490408,0
6176661522,8264247280,1.16593E+11,9114629206,3401103928,5250170400,3980387009,5149660819,16217395025,18634054803,139148055,7126500913,10099494497,6802398835,0
6463850703,8390944876,1.23778E+11,9780303029,2578808301,5332812910,3976836484,5254878568,15503738790,18696939003,135548366,8404975731,10410519619,6689631502,0
6717736329,7754214070,1.19411E+11,9031030231,2682432422,4912775531,4014263545,4808451811,13047432158,18101943846,153595277,8406407550,9559836416,6158226588,0
7362759668,8340495066,1.24559E+11,9526427492,2931610473,5709943309,5002075613,4800113405,12233982097,19633679027,206323999,7362937901,10114168274,6510879055,0
7338546187,8616851608,1.21992E+11,8868588590,3556592679,5744233580,4811007419,4922513637,12793203874,18515646951,249502523,7175342047,9771975132,6494117333,0
6862132298,8323612786,1.20178E+11,9214450453,2952312507,5981723010,5153387195,5082702658,13235717772,15427077231,137104998,7604096982,11309347713,6540908934,0
3625981135,5109464729,74479258016,5599164557,2113431229,3099795739,2449203048,3462229840,6840611786,11960259700,104797451,6317762263,5870940789,4290843119,0
6292537364,7822864643,1.09398E+11,8414281184,3966528129,5015879360,3795632899,4939187471,8341695163,16339501165,177675846,7948265053,9376576892,6402461353,0
5916157215,7402477985,1.0621E+11,8350514047,3638397384,5242123405,4173349338,4980117223,9318559948,14705871366,230223830,7934435152,9669957902,5828793531,0
6420334673,8393100855,1.18744E+11,9124353775,2685965053,6011807684,4576679158,4929428473,11784259305,15287411323,221185766,7573950897,11511682493,6650411855,0
6320635608,8029015332,1.15645E+11,8532090145,3150556858,5617222801,4140493173,4585853838,13854337026,17212121599,212320621,8350736137,10170280809,6643128642,0
6253788860,8405945329,1.20611E+11,9014487508,3208111520,6001110007,4138832653,4887895706,16226950354,16009104302,225844802,9237345723,10609590161,6942397175,0
6177527643,8356031355,1.18677E+11,9060929796,2396954454,5890538533,3955487239,4353831398,15200626478,15097437295,181513592,9287457098,9867123085,6370337071,0
6440780586,8171338758,1.22547E+11,8950371358,3285105257,5550519262,3727443289,4469921243,14303007627,15177977441,141810725,9313867259,9631043212,6504694283,0
6705275270,7784535813,1.18178E+11,8686705915,2945490218,5579718230,3908074343,4010588453,12341378572,17369170829,204992368,9260377713,10023550875,5981070623,0
7365263747,8349115939,1.23893E+11,8620395450,4142027013,5951182455,4436039103,3930245505,11742981596,17883491309,194529734,9074070388,9831181543,6028310299,0
7942006365,9326203428,1.34401E+11,8760769789,3951560538,7002928544,5371773572,4116281426,13531382279,16569515972,217664203,9674166721,10900702509,6871748148,0
6434592404,8449988752,1.17494E+11,8532566853,3106194454,6190644791,4912669281,3769494434,13536482918,13168319901,122267107,7657600392,11398876641,6805592871,0
2848524561,2941164931,41932713591,2953404369,3078962772,1445161825,876277549,2331103302,2497640152,6767256798,84572264,7459867308,2349511109,2798027929,0
6516211830,7196908281,1.02115E+11,7680235050,3705093632,5219893364,3142579528,4856426377,6501232513,13909314335,226425667,8766020822,8903246403,5811502107,0
6289853402,7932646116,1.0466E+11,8636476374,3316769894,5833774688,3700829420,4750678524,6733265136,19132926174,203488183,8454421338,14570429337,5244024038,0
6143150306,7853774724,1.05977E+11,8777933602,1257680169,5990892779,3994603946,3660292487,8898813537,19576853046,220386997,8960865956,20618706101,4480692386,0
5861947422,8174670314,1.12698E+11,9452530105,1199766850,6585181196,4700772679,3372634328,12829062504,17807118212,198832321,8959609320,16118309601,4866415400,0
6275025912,9279767009,1.25824E+11,11150626124,1054764153,7357051488,5281787571,3642450481,15297926017,19144118724,160570937,10606013290,15926850989,5822154164,0
6128473131,9180799167,1.24396E+11,11458244259,1511162091,7247924879,5111341510,3317480855,16191056866,18621732154,98743154,10186252333,14668312987,6237832114,0
6496803396,9584528700,1.28372E+11,11649819239,1431858842,6939520844,5084195820,3461307440,15209494947,19692131693,117249113,10575363726,13098093955,6904533746,0
6460910293,9178896269,1.29701E+11,11008512998,2034236974,7039358723,5418067037,3626580145,13179253877,19636668686,141910001,10365973668,11614908477,6858010261,0
7350681639,10038013915,1.52148E+11,12282818380,1748006764,8114900707,6584276791,4067765310,12513933209,21207323344,126607344,11117284852,12002714895,7631191554,0
7415220662,11229613424,1.58677E+11,12452704345,2135371155,8580555370,7115065627,4587924010,13905389666,22297353812,140647288,13484492431,12273458966,7538187730,0
6875940030,10895560600,1.47301E+11,11466624775,2250350816,8142887285,6266838894,4674763190,13504885519,19884089645,156223971,10843122940,13055118477,8310324670,0
4619324305,8502127561,1.13733E+11,9301016343,2375206051,5770088774,4237474553,4167122677,10491745237,16005929958,114888339,8865930550,9036008595,7415959716,0
6159609444,9927201331,1.33238E+11,11043243986,3357160751,6764875035,4998548717,6317746174,9217504650,20294047276,172582450,11670560343,9650951169,7921595053,0
6476691761,10779975091,1.46947E+11,11627954425,3541202042,7980043036,5985371350,7393239289,11067907935,19268320618,147868404,11650230718,12133193175,8426517320,0
6708886513,10664070295,1.4848E+11,11374536037,2874064502,8129066799,6020369852,5966023279,12156897306,18801180013,163139177,11205747781,12095531450,8589578706,0
6629204501,11169041360,1.56196E+11,11317136766,3478035658,8299428552,5894933466,8218237448,15134989370,20207052411,164415111,11908591390,12478093107,9208645347,0
6542716258,11422512288,1.5596E+11,11531848892,2607934292,8067714929,5736676986,7490246967,16514231081,21362660570,130240688,13325594615,11646022032,8940097913,0
6881527353,12472412641,1.62127E+11,12231377154,2147288609,8702147792,5911883433,7205996754,17567741561,21016193186,112610830,14181871058,12444682638,10168351349,0
7306798821,12421391977,1.72707E+11,12713289395,2428631050,8749607397,5844474935,7229788656,16683844175,22589418803,117832422,14447012121,12320163663,9139376768,0
7369485575,12212072442,1.67187E+11,12340652997,2454226933,8630005656,6169264088,6791948361,16413301698,23430528495,154889947,13627677576,12421600272,9916945212,0
8281593135,13622678059,1.83875E+11,12486160802,2732611190,9571279949,6661782275,7498626083,15335405935,25089738111,148804496,15576427379,13175482288,10221510382,0
8709461228,14593782060,1.93227E+11,12087334452,2232242122,9726867487,6792121701,8395628848,15892727558,27275098180,180727035,16235629391,14244774221,10069031501,0
8905319620,14155883332,1.67563E+11,15467031859,2683436176,10167177629,7241283753,6816108787,15787827392,21673137637,133434228,14138261977,16550981966,11829647850,13357000000
5046976675,9095630808,1.09028E+11,11148072623,2406738123,5712668621,3944824826,4929841345,9631997309,17656824542,136159739,10965504465,8105300751,9089976452,9843624859
7535730286,12066831653,1.38221E+11,13584989976,3368766838,8148951458,5534703315,6681698055,10195478912,22267045014,114443990,13402113597,11779439091,9647290255,12443000000
7810739379,12897470801,1.39148E+11,14169100399,3633373356,8703124690,6009608756,7086046031,11295830469,18284014118,158370836,11852645071,12223233609,8782382218,10295000000
8620994904,14125224683,1.58682E+11,13547591481,3104234010,9518507162,6283257690,10632801201,15144033879,17739544039,118438995,13118661184,13988731961,10789516859,11014000000
8212030263,15273213312,1.71774E+11,13390050054,3255818277,9818508874,6100252156,11636051433,18026941468,22054908392,180143361,13649878143,13431468209,10881691420,10561000000
8384789991,16578588879,1.73731E+11,14256025657,3553074586,9740006932,5864440487,10687974851,19629166218,21949721461,186965233,12641544664,13494190403,12630967708,8993223861
8142705514,16544806664,1.62417E+11,13929391722,4946169554,9001908418,5425283207,9636712213,18529007915,19508601463,161730370,11828855851,12402812103,13480953379,9007405879
8041870582,16564646985,1.63531E+11,13956680433,5460970822,9211132614,5535448216,6963323080,15970406049,19743619781,143127340,14192602749,11981236396,13167198536,17206000000
8086103883,15390069751,1.49798E+11,12415070572,3882580794,8892451112,5765276048,6764033528,13704219090,19530242840,161975590,13368608086,11303634828,13692981428,15385000000
8590949700,16229023502,1.5094E+11,12516505392,5363879880,9220944046,5882940018,7353624964,13188166199,17996070398,191510274,11064128840,11235869066,14403441132,11025000000
9018039118,16677324743,1.55435E+11,12304171895,6642108095,9464037986,6092796269,7360611129,14293757835,17558753237,179658895,13695335710,10977452970,12849066211,13531000000
7642285742,16042749037,1.47824E+11,12914894296,5340109248,8994085048,6297633957,8151724611,14126767859,14049924209,138670266,8784352104,12190584707,14690504716,14981000000
6679338588,12314628537,1.07111E+11,9745324555,4933932356,5345650487,2962819593,6826024237,7551113426,12641486002,87379931,9843555460,6938325987,12263269682,8702267107
