date,commodity,value
2005-01-01,OAP,1977139000.0
2005-02-01,OAP,1425173000.0
2005-03-01,OAP,2108643000.0
2005-04-01,OAP,2130013000.0
2005-05-01,OAP,1975688000.0
2005-06-01,OAP,2154234000.0
2005-07-01,OAP,2089910000.0
2005-08-01,OAP,2060856000.0
2005-09-01,OAP,2086303000.0
2005-10-01,OAP,2126053000.0
2005-11-01,OAP,2448886000.0
2005-12-01,OAP,2633110000.0
2006-01-01,OAP,2347115000.0
2006-02-01,OAP,1440442000.0
2006-03-01,OAP,2421443000.0
2006-04-01,OAP,2364745000.0
2006-05-01,OAP,2254557000.0
2006-06-01,OAP,2354966000.0
2006-07-01,OAP,2387099000.0
2006-08-01,OAP,2562201000.0
2006-09-01,OAP,2583071000.0
2006-10-01,OAP,2634154000.0
2006-11-01,OAP,3047229000.0
2006-12-01,OAP,2993935000.0
2007-01-01,OAP,2802287000.0
2007-02-01,OAP,2443190000.0
2007-03-01,OAP,2288435000.0
2007-04-01,OAP,2810819000.0
2007-05-01,OAP,2672798000.0
2007-06-01,OAP,2776550000.0
2007-07-01,OAP,2764058000.0
2007-08-01,OAP,2717089000.0
2007-09-01,OAP,2564725000.0
2007-10-01,OAP,2731648000.0
2007-11-01,OAP,3459803000.0
2007-12-01,OAP,3751484000.0
2008-01-01,OAP,3446806000.0
2008-02-01,OAP,2395597000.0
2008-03-01,OAP,2806580000.0
2008-04-01,OAP,3297580000.0
2008-05-01,OAP,3259352000.0
2008-06-01,OAP,3161237000.0
2008-07-01,OAP,3513554000.0
2008-08-01,OAP,3186814000.0
2008-09-01,OAP,3297700000.0
2008-10-01,OAP,3189014000.0
2008-11-01,OAP,3355024000.0
2008-12-01,OAP,3643234000.0
2009-01-01,OAP,3009380000.0
2009-02-01,OAP,2018122000.0
2009-03-01,OAP,2886944000.0
2009-04-01,OAP,2976557000.0
2009-05-01,OAP,2915108000.0
2009-06-01,OAP,3087658000.0
2009-07-01,OAP,3152119000.0
2009-08-01,OAP,3008424000.0
2009-09-01,OAP,3507438000.0
2009-10-01,OAP,3184546000.0
2009-11-01,OAP,3577293000.0
2009-12-01,OAP,4249978000.0
2010-01-01,OAP,3667818606.0
2010-02-01,OAP,2697518241.0
2010-03-01,OAP,3381736417.0
2010-04-01,OAP,3578928338.0
2010-05-01,OAP,3768639993.0
2010-06-01,OAP,3771684940.0
2010-07-01,OAP,4026309364.0
2010-08-01,OAP,3939608846.0
2010-09-01,OAP,4047875043.0
2010-10-01,OAP,3900514008.0
2010-11-01,OAP,5061776674.0
2010-12-01,OAP,5429081454.0
2011-01-01,OAP,5464731129.0
2011-02-01,OAP,2737190572.0
2011-03-01,OAP,4851833286.0
2011-04-01,OAP,4930452703.0
2011-05-01,OAP,4722885701.0
2011-06-01,OAP,4504875438.0
2011-07-01,OAP,4857170108.0
2011-08-01,OAP,4799304391.0
2011-09-01,OAP,4836096422.0
2011-10-01,OAP,4692848916.0
2011-11-01,OAP,5634917135.0
2011-12-01,OAP,6197819492.0
2012-01-01,OAP,5215939336.0
2012-02-01,OAP,3583272313.0
2012-03-01,OAP,4999541693.0
2012-04-01,OAP,4778895380.0
2012-05-01,OAP,5024134782.0
2012-06-01,OAP,4848023689.0
2012-07-01,OAP,4779430398.0
2012-08-01,OAP,4902162264.0
2012-09-01,OAP,5220877641.0
2012-10-01,OAP,5073723275.0
2012-11-01,OAP,5867264050.0
2012-12-01,OAP,6289152736.0
2013-01-01,OAP,5777487406.0
2013-02-01,OAP,3698406658.0
2013-03-01,OAP,5019351648.0
2013-04-01,OAP,5443252414.0
2013-05-01,OAP,5438232229.0
2013-06-01,OAP,5081282517.0
2013-07-01,OAP,5355548870.0
2013-08-01,OAP,5290852805.0
2013-09-01,OAP,5327626911.0
2013-10-01,OAP,5523381362.0
2013-11-01,OAP,6251868772.0
2013-12-01,OAP,6890639693.0
2014-01-01,OAP,6548341129.0
2014-02-01,OAP,3119534100.0
2014-03-01,OAP,5364119097.0
2014-04-01,OAP,5906414605.0
2014-05-01,OAP,5941166724.0
2014-06-01,OAP,5733194508.0
2014-07-01,OAP,5898272253.0
2014-08-01,OAP,5719831930.0
2014-09-01,OAP,5764097649.0
2014-10-01,OAP,5997871840.0
2014-11-01,OAP,6602968525.0
2014-12-01,OAP,6942748230.0
2015-01-01,OAP,6147516196.0
2015-02-01,OAP,4821100424.0
2015-03-01,OAP,4415273935.0
2015-04-01,OAP,5414440905.0
2015-05-01,OAP,5686889370.0
2015-06-01,OAP,5502016989.0
2015-07-01,OAP,5420953694.0
2015-08-01,OAP,5492586153.0
2015-09-01,OAP,5935345519.0
2015-10-01,OAP,5974113334.0
2015-11-01,OAP,6366930486.0
2015-12-01,OAP,7609932341.0
2016-01-01,OAP,6115989718.0
2016-02-01,OAP,4111760211.0
2016-03-01,OAP,5648796708.0
2016-04-01,OAP,5448922334.0
2016-05-01,OAP,6084815458.0
2016-06-01,OAP,5547114907.0
2016-07-01,OAP,6050829222.0
2016-08-01,OAP,6319560569.0
2016-09-01,OAP,5804257155.0
2016-10-01,OAP,5928403488.0
2016-11-01,OAP,6988486708.0
2016-12-01,OAP,7167854954.0
2017-01-01,OAP,6315204174.0
2017-02-01,OAP,3652509217.0
2017-03-01,OAP,5872646674.0
2017-04-01,OAP,5691749428.0
2017-05-01,OAP,6013145001.0
2017-06-01,OAP,6046437087.0
2017-07-01,OAP,5934531301.0
2017-08-01,OAP,6163189363.0
2017-09-01,OAP,5931737246.0
2017-10-01,OAP,6328141017.0
2017-11-01,OAP,7592889447.0
2017-12-01,OAP,7789837859.0
2018-01-01,OAP,6785966506.0
2018-02-01,OAP,4888148933.0
2018-03-01,OAP,5637061973.0
2018-04-01,OAP,6461616348.0
2018-05-01,OAP,6490187152.0
2018-06-01,OAP,6308994212.0
2018-07-01,OAP,6669245804.0
2018-08-01,OAP,6176661522.0
2018-09-01,OAP,6463850703.0
2018-10-01,OAP,6717736329.0
2018-11-01,OAP,7362759668.0
2018-12-01,OAP,7338546187.0
2019-01-01,OAP,6862132298.0
2019-02-01,OAP,3625981135.0
2019-03-01,OAP,6292537364.0
2019-04-01,OAP,5916157215.0
2019-05-01,OAP,6420334673.0
2019-06-01,OAP,6320635608.0
2019-07-01,OAP,6253788860.0
2019-08-01,OAP,6177527643.0
2019-09-01,OAP,6440780586.0
2019-10-01,OAP,6705275270.0
2019-11-01,OAP,7365263747.0
2019-12-01,OAP,7942006365.0
2020-01-01,OAP,6434592404.0
2020-02-01,OAP,2848524561.0
2020-03-01,OAP,6516211830.0
2020-04-01,OAP,6289853402.0
2020-05-01,OAP,6143150306.0
2020-06-01,OAP,5861947422.0
2020-07-01,OAP,6275025912.0
2020-08-01,OAP,6128473131.0
2020-09-01,OAP,6496803396.0
2020-10-01,OAP,6460910293.0
2020-11-01,OAP,7350681639.0
2020-12-01,OAP,7415220662.0
2021-01-01,OAP,6875940030.0
2021-02-01,OAP,4619324305.0
2021-03-01,OAP,6159609444.0
2021-04-01,OAP,6476691761.0
2021-05-01,OAP,6708886513.0
2021-06-01,OAP,6629204501.0
2021-07-01,OAP,6542716258.0
2021-08-01,OAP,6881527353.0
2021-09-01,OAP,7306798821.0
2021-10-01,OAP,7369485575.0
2021-11-01,OAP,8281593135.0
2021-12-01,OAP,8709461228.0
2022-01-01,OAP,8905319620.0
2022-02-01,OAP,5046976675.0
2022-03-01,OAP,7535730286.0
2022-04-01,OAP,7810739379.0
2022-05-01,OAP,8620994904.0
2022-06-01,OAP,8212030263.0
2022-07-01,OAP,8384789991.0
2022-08-01,OAP,8142705514.0
2022-09-01,OAP,8041870582.0
2022-10-01,OAP,8086103883.0
2022-11-01,OAP,8590949700.0
2022-12-01,OAP,9018039118.0
2023-01-01,OAP,7642285742.0
2023-02-01,OAP,6679338588.0
2005-01-01,EE,1269928000.0
2005-02-01,EE,1051249000.0
2005-03-01,EE,1546873000.0
2005-04-01,EE,1574404000.0
2005-05-01,EE,1442812000.0
2005-06-01,EE,1598368000.0
2005-07-01,EE,1653773000.0
2005-08-01,EE,1752795000.0
2005-09-01,EE,1819706000.0
2005-10-01,EE,1778930000.0
2005-11-01,EE,2008428000.0
2005-12-01,EE,2061841000.0
2006-01-01,EE,1657476000.0
2006-02-01,EE,1442263000.0
2006-03-01,EE,2050976000.0
2006-04-01,EE,2078765000.0
2006-05-01,EE,1950247000.0
2006-06-01,EE,2131088000.0
2006-07-01,EE,2106162000.0
2006-08-01,EE,2381034000.0
2006-09-01,EE,2444486000.0
2006-10-01,EE,2372175000.0
2006-11-01,EE,2580056000.0
2006-12-01,EE,2552774000.0
2007-01-01,EE,2653849000.0
2007-02-01,EE,2405369000.0
2007-03-01,EE,2485009000.0
2007-04-01,EE,2957003000.0
2007-05-01,EE,2884521000.0
2007-06-01,EE,3048128000.0
2007-07-01,EE,3331037000.0
2007-08-01,EE,3576755000.0
2007-09-01,EE,3676738000.0
2007-10-01,EE,3492348000.0
2007-11-01,EE,3849104000.0
2007-12-01,EE,3756505000.0
2008-01-01,EE,3614600000.0
2008-02-01,EE,2787840000.0
2008-03-01,EE,3691043000.0
2008-04-01,EE,3963296000.0
2008-05-01,EE,4040745000.0
2008-06-01,EE,3946377000.0
2008-07-01,EE,4401696000.0
2008-08-01,EE,4238719000.0
2008-09-01,EE,4425628000.0
2008-10-01,EE,4039665000.0
2008-11-01,EE,3755356000.0
2008-12-01,EE,3416050000.0
2009-01-01,EE,2660263000.0
2009-02-01,EE,2099562000.0
2009-03-01,EE,2825275000.0
2009-04-01,EE,2986124000.0
2009-05-01,EE,2884955000.0
2009-06-01,EE,2943228000.0
2009-07-01,EE,3286006000.0
2009-08-01,EE,3229775000.0
2009-09-01,EE,3674240000.0
2009-10-01,EE,3393456000.0
2009-11-01,EE,3478895000.0
2009-12-01,EE,4222730000.0
2010-01-01,EE,3353080006.0
2010-02-01,EE,2935076876.0
2010-03-01,EE,3673082746.0
2010-04-01,EE,4017437821.0
2010-05-01,EE,4391935217.0
2010-06-01,EE,4435951033.0
2010-07-01,EE,4723493901.0
2010-08-01,EE,4669810838.0
2010-09-01,EE,4788467691.0
2010-10-01,EE,4314503151.0
2010-11-01,EE,4832369799.0
2010-12-01,EE,5100689994.0
2011-01-01,EE,4816670973.0
2011-02-01,EE,3127210285.0
2011-03-01,EE,4887175519.0
2011-04-01,EE,5076602378.0
2011-05-01,EE,5155998331.0
2011-06-01,EE,5167833679.0
2011-07-01,EE,5369426764.0
2011-08-01,EE,5594665261.0
2011-09-01,EE,5558794822.0
2011-10-01,EE,4997473525.0
2011-11-01,EE,5477367051.0
2011-12-01,EE,5557636512.0
2012-01-01,EE,4834566726.0
2012-02-01,EE,3815778153.0
2012-03-01,EE,5649510421.0
2012-04-01,EE,5391349167.0
2012-05-01,EE,5945591136.0
2012-06-01,EE,5689890978.0
2012-07-01,EE,5621240583.0
2012-08-01,EE,5684099398.0
2012-09-01,EE,6102727983.0
2012-10-01,EE,5328221591.0
2012-11-01,EE,5515817225.0
2012-12-01,EE,6281894104.0
2013-01-01,EE,5688473726.0
2013-02-01,EE,4500650989.0
2013-03-01,EE,5848170393.0
2013-04-01,EE,6004316516.0
2013-05-01,EE,6014153933.0
2013-06-01,EE,5603145570.0
2013-07-01,EE,6038027723.0
2013-08-01,EE,6225260583.0
2013-09-01,EE,6213664029.0
2013-10-01,EE,5983530155.0
2013-11-01,EE,6587593860.0
2013-12-01,EE,6837160110.0
2014-01-01,EE,6699381929.0
2014-02-01,EE,3924434209.0
2014-03-01,EE,5898293871.0
2014-04-01,EE,6758797400.0
2014-05-01,EE,6878268014.0
2014-06-01,EE,6409065114.0
2014-07-01,EE,7235224128.0
2014-08-01,EE,7209545846.0
2014-09-01,EE,6892249841.0
2014-10-01,EE,6748886160.0
2014-11-01,EE,7009396292.0
2014-12-01,EE,7794220627.0
2015-01-01,EE,6751080441.0
2015-02-01,EE,5858703406.0
2015-03-01,EE,5191684878.0
2015-04-01,EE,6431555535.0
2015-05-01,EE,6764626260.0
2015-06-01,EE,6598594106.0
2015-07-01,EE,6646023099.0
2015-08-01,EE,6788633608.0
2015-09-01,EE,7219130628.0
2015-10-01,EE,6555918389.0
2015-11-01,EE,6701212201.0
2015-12-01,EE,7584444078.0
2016-01-01,EE,6075272290.0
2016-02-01,EE,4331541457.0
2016-03-01,EE,5884080727.0
2016-04-01,EE,6394490292.0
2016-05-01,EE,6539363137.0
2016-06-01,EE,6362411123.0
2016-07-01,EE,6570135169.0
2016-08-01,EE,7075979124.0
2016-09-01,EE,6776572010.0
2016-10-01,EE,6334554261.0
2016-11-01,EE,7048113739.0
2016-12-01,EE,7680072837.0
2017-01-01,EE,6466970162.0
2017-02-01,EE,4177951811.0
2017-03-01,EE,6782776938.0
2017-04-01,EE,6636725897.0
2017-05-01,EE,7012898979.0
2017-06-01,EE,7015048429.0
2017-07-01,EE,6923515172.0
2017-08-01,EE,7434769074.0
2017-09-01,EE,7423218805.0
2017-10-01,EE,6843532672.0
2017-11-01,EE,7976210064.0
2017-12-01,EE,8791998188.0
2018-01-01,EE,7355401457.0
2018-02-01,EE,6457017106.0
2018-03-01,EE,6648936280.0
2018-04-01,EE,7644161426.0
2018-05-01,EE,8002726975.0
2018-06-01,EE,8192593520.0
2018-07-01,EE,8241022357.0
2018-08-01,EE,8264247280.0
2018-09-01,EE,8390944876.0
2018-10-01,EE,7754214070.0
2018-11-01,EE,8340495066.0
2018-12-01,EE,8616851608.0
2019-01-01,EE,8323612786.0
2019-02-01,EE,5109464729.0
2019-03-01,EE,7822864643.0
2019-04-01,EE,7402477985.0
2019-05-01,EE,8393100855.0
2019-06-01,EE,8029015332.0
2019-07-01,EE,8405945329.0
2019-08-01,EE,8356031355.0
2019-09-01,EE,8171338758.0
2019-10-01,EE,7784535813.0
2019-11-01,EE,8349115939.0
2019-12-01,EE,9326203428.0
2020-01-01,EE,8449988752.0
2020-02-01,EE,2941164931.0
2020-03-01,EE,7196908281.0
2020-04-01,EE,7932646116.0
2020-05-01,EE,7853774724.0
2020-06-01,EE,8174670314.0
2020-07-01,EE,9279767009.0
2020-08-01,EE,9180799167.0
2020-09-01,EE,9584528700.0
2020-10-01,EE,9178896269.0
2020-11-01,EE,10038013915.0
2020-12-01,EE,11229613424.0
2021-01-01,EE,10895560600.0
2021-02-01,EE,8502127561.0
2021-03-01,EE,9927201331.0
2021-04-01,EE,10779975091.0
2021-05-01,EE,10664070295.0
2021-06-01,EE,11169041360.0
2021-07-01,EE,11422512288.0
2021-08-01,EE,12472412641.0
2021-09-01,EE,12421391977.0
2021-10-01,EE,12212072442.0
2021-11-01,EE,13622678059.0
2021-12-01,EE,14593782060.0
2022-01-01,EE,14155883332.0
2022-02-01,EE,9095630808.0
2022-03-01,EE,12066831653.0
2022-04-01,EE,12897470801.0
2022-05-01,EE,14125224683.0
2022-06-01,EE,15273213312.0
2022-07-01,EE,16578588879.0
2022-08-01,EE,16544806664.0
2022-09-01,EE,16564646985.0
2022-10-01,EE,15390069751.0
2022-11-01,EE,16229023502.0
2022-12-01,EE,16677324743.0
2023-01-01,EE,16042749037.0
2023-02-01,EE,12314628537.0
2005-01-01,Other,2426033000.0
2005-02-01,Other,2287386000.0
2005-03-01,Other,3632319000.0
2005-04-01,Other,3554366000.0
2005-05-01,Other,3087188000.0
2005-06-01,Other,3241734000.0
2005-07-01,Other,3251939000.0
2005-08-01,Other,3318380000.0
2005-09-01,Other,3607363000.0
2005-10-01,Other,3811121000.0
2005-11-01,Other,4194010000.0
2005-12-01,Other,4133559000.0
2006-01-01,Other,3407522000.0
2006-02-01,Other,2812827000.0
2006-03-01,Other,4030442000.0
2006-04-01,Other,3959090000.0
2006-05-01,Other,3599320000.0
2006-06-01,Other,3293737000.0
2006-07-01,Other,3185596000.0
2006-08-01,Other,3629159000.0
2006-09-01,Other,4031157000.0
2006-10-01,Other,4365390000.0
2006-11-01,Other,4753794000.0
2006-12-01,Other,3815458000.0
2007-01-01,Other,4722505000.0
2007-02-01,Other,4801008000.0
2007-03-01,Other,5593387000.0
2007-04-01,Other,6225209000.0
2007-05-01,Other,5896773000.0
2007-06-01,Other,5830593000.0
2007-07-01,Other,6020193000.0
2007-08-01,Other,6543543000.0
2007-09-01,Other,7448030000.0
2007-10-01,Other,8241154000.0
2007-11-01,Other,8994989000.0
2007-12-01,Other,7017089000.0
2008-01-01,Other,5943887000.0
2008-02-01,Other,5031286000.0
2008-03-01,Other,6908718000.0
2008-04-01,Other,7271442000.0
2008-05-01,Other,7239491000.0
2008-06-01,Other,6801407000.0
2008-07-01,Other,7177874000.0
2008-08-01,Other,7140512000.0
2008-09-01,Other,8638543000.0
2008-10-01,Other,8607839000.0
2008-11-01,Other,7113119000.0
2008-12-01,Other,5604427000.0
2009-01-01,Other,4423145000.0
2009-02-01,Other,3905151000.0
2009-03-01,Other,5346041000.0
2009-04-01,Other,5660889000.0
2009-05-01,Other,5702284000.0
2009-06-01,Other,5505623000.0
2009-07-01,Other,6103024000.0
2009-08-01,Other,6094754000.0
2009-09-01,Other,7692531000.0
2009-10-01,Other,8056147000.0
2009-11-01,Other,7930861000.0
2009-12-01,Other,7376821000.0
2010-01-01,Other,5539480266.0
2010-02-01,Other,5221649577.0
2010-03-01,Other,6959971074.0
2010-04-01,Other,7005670835.0
2010-05-01,Other,7585134033.0
2010-06-01,Other,7406050759.0
2010-07-01,Other,7740601757.0
2010-08-01,Other,7838817938.0
2010-09-01,Other,8276874605.0
2010-10-01,Other,8159242606.0
2010-11-01,Other,8606078235.0
2010-12-01,Other,7729936126.0
2011-01-01,Other,7001324936.0
2011-02-01,Other,5083150736.0
2011-03-01,Other,7652432024.0
2011-04-01,Other,7553361499.0
2011-05-01,Other,7704419745.0
2011-06-01,Other,7824374651.0
2011-07-01,Other,8003137623.0
2011-08-01,Other,8403829805.0
2011-09-01,Other,8768315820.0
2011-10-01,Other,8323144041.0
2011-11-01,Other,8165902595.0
2011-12-01,Other,7686401294.0
2012-01-01,Other,6571206393.0
2012-02-01,Other,5819233775.0
2012-03-01,Other,8129813535.0
2012-04-01,Other,8164992812.0
2012-05-01,Other,8453999417.0
2012-06-01,Other,7945093835.0
2012-07-01,Other,7469507029.0
2012-08-01,Other,8034137941.0
2012-09-01,Other,8865046821.0
2012-10-01,Other,8526865316.0
2012-11-01,Other,7776302013.0
2012-12-01,Other,8076441205.0
2013-01-01,Other,7026328445.0
2013-02-01,Other,5670975372.0
2013-03-01,Other,7668344719.0
2013-04-01,Other,8942894392.0
2013-05-01,Other,8400123252.0
2013-06-01,Other,7806541026.0
2013-07-01,Other,8135715206.0
2013-08-01,Other,8371359415.0
2013-09-01,Other,8890284489.0
2013-10-01,Other,9508817354.0
2013-11-01,Other,9123542902.0
2013-12-01,Other,8818768601.0
2014-01-01,Other,8314782330.0
2014-02-01,Other,5296677762.0
2014-03-01,Other,8177747343.0
2014-04-01,Other,9044844169.0
2014-05-01,Other,8847286663.0
2014-06-01,Other,7869913845.0
2014-07-01,Other,9167653725.0
2014-08-01,Other,9381397357.0
2014-09-01,Other,9144732964.0
2014-10-01,Other,9251882426.0
2014-11-01,Other,8933268916.0
2014-12-01,Other,8737351279.0
2015-01-01,Other,7973021063.0
2015-02-01,Other,7153603802.0
2015-03-01,Other,6512479426.0
2015-04-01,Other,8121819505.0
2015-05-01,Other,8669287810.0
2015-06-01,Other,8173240692.0
2015-07-01,Other,8162729943.0
2015-08-01,Other,9020475042.0
2015-09-01,Other,9394226999.0
2015-10-01,Other,8471997587.0
2015-11-01,Other,8247518172.0
2015-12-01,Other,9159113312.0
2016-01-01,Other,7350375756.0
2016-02-01,Other,5461364383.0
2016-03-01,Other,7408704264.0
2016-04-01,Other,8030215977.0
2016-05-01,Other,8167375617.0
2016-06-01,Other,7712751497.0
2016-07-01,Other,8219148689.0
2016-08-01,Other,8889977718.0
2016-09-01,Other,8721641956.0
2016-10-01,Other,8201755881.0
2016-11-01,Other,8822835609.0
2016-12-01,Other,8567108965.0
2017-01-01,Other,7511771607.0
2017-02-01,Other,5301888250.0
2017-03-01,Other,8197628892.0
2017-04-01,Other,8154161335.0
2017-05-01,Other,8592764918.0
2017-06-01,Other,8144623853.0
2017-07-01,Other,8161844163.0
2017-08-01,Other,8628053689.0
2017-09-01,Other,9262885884.0
2017-10-01,Other,8471375822.0
2017-11-01,Other,9189047271.0
2017-12-01,Other,9144831576.0
2018-01-01,Other,8259289933.0
2018-02-01,Other,7361593488.0
2018-03-01,Other,7723427795.0
2018-04-01,Other,8607265609.0
2018-05-01,Other,8933605874.0
2018-06-01,Other,8696411665.0
2018-07-01,Other,8676535256.0
2018-08-01,Other,9114629206.0
2018-09-01,Other,9780303029.0
2018-10-01,Other,9031030231.0
2018-11-01,Other,9526427492.0
2018-12-01,Other,8868588590.0
2019-01-01,Other,9214450453.0
2019-02-01,Other,5599164557.0
2019-03-01,Other,8414281184.0
2019-04-01,Other,8350514047.0
2019-05-01,Other,9124353775.0
2019-06-01,Other,8532090145.0
2019-07-01,Other,9014487508.0
2019-08-01,Other,9060929796.0
2019-09-01,Other,8950371358.0
2019-10-01,Other,8686705915.0
2019-11-01,Other,8620395450.0
2019-12-01,Other,8760769789.0
2020-01-01,Other,8532566853.0
2020-02-01,Other,2953404369.0
2020-03-01,Other,7680235050.0
2020-04-01,Other,8636476374.0
2020-05-01,Other,8777933602.0
2020-06-01,Other,9452530105.0
2020-07-01,Other,11150626124.0
2020-08-01,Other,11458244259.0
2020-09-01,Other,11649819239.0
2020-10-01,Other,11008512998.0
2020-11-01,Other,12282818380.0
2020-12-01,Other,12452704345.0
2021-01-01,Other,11466624775.0
2021-02-01,Other,9301016343.0
2021-03-01,Other,11043243986.0
2021-04-01,Other,11627954425.0
2021-05-01,Other,11374536037.0
2021-06-01,Other,11317136766.0
2021-07-01,Other,11531848892.0
2021-08-01,Other,12231377154.0
2021-09-01,Other,12713289395.0
2021-10-01,Other,12340652997.0
2021-11-01,Other,12486160802.0
2021-12-01,Other,12087334452.0
2022-01-01,Other,15467031859.0
2022-02-01,Other,11148072623.0
2022-03-01,Other,13584989976.0
2022-04-01,Other,14169100399.0
2022-05-01,Other,13547591481.0
2022-06-01,Other,13390050054.0
2022-07-01,Other,14256025657.0
2022-08-01,Other,13929391722.0
2022-09-01,Other,13956680433.0
2022-10-01,Other,12415070572.0
2022-11-01,Other,12516505392.0
2022-12-01,Other,12304171895.0
2023-01-01,Other,12914894296.0
2023-02-01,Other,9745324555.0
2005-01-01,EA,409750000.0
2005-02-01,EA,294995000.0
2005-03-01,EA,642716000.0
2005-04-01,EA,605729000.0
2005-05-01,EA,669563000.0
2005-06-01,EA,528363000.0
2005-07-01,EA,600576000.0
2005-08-01,EA,812964000.0
2005-09-01,EA,546308000.0
2005-10-01,EA,295631000.0
2005-11-01,EA,479771000.0
2005-12-01,EA,525105000.0
2006-01-01,EA,449872000.0
2006-02-01,EA,593061000.0
2006-03-01,EA,570151000.0
2006-04-01,EA,562961000.0
2006-05-01,EA,630586000.0
2006-06-01,EA,539617000.0
2006-07-01,EA,592984000.0
2006-08-01,EA,668370000.0
2006-09-01,EA,547877000.0
2006-10-01,EA,529689000.0
2006-11-01,EA,747410000.0
2006-12-01,EA,615608000.0
2007-01-01,EA,507394000.0
2007-02-01,EA,736687000.0
2007-03-01,EA,771038000.0
2007-04-01,EA,771517000.0
2007-05-01,EA,710198000.0
2007-06-01,EA,869969000.0
2007-07-01,EA,649914000.0
2007-08-01,EA,803685000.0
2007-09-01,EA,911228000.0
2007-10-01,EA,715495000.0
2007-11-01,EA,844017000.0
2007-12-01,EA,858326000.0
2008-01-01,EA,845298000.0
2008-02-01,EA,922736000.0
2008-03-01,EA,903167000.0
2008-04-01,EA,951929000.0
2008-05-01,EA,1225312000.0
2008-06-01,EA,1217005000.0
2008-07-01,EA,1499929000.0
2008-08-01,EA,1290742000.0
2008-09-01,EA,1328665000.0
2008-10-01,EA,1290757000.0
2008-11-01,EA,979980000.0
2008-12-01,EA,1204318000.0
2009-01-01,EA,534335000.0
2009-02-01,EA,628952000.0
2009-03-01,EA,581494000.0
2009-04-01,EA,813682000.0
2009-05-01,EA,694999000.0
2009-06-01,EA,1111803000.0
2009-07-01,EA,1024493000.0
2009-08-01,EA,1257948000.0
2009-09-01,EA,1185896000.0
2009-10-01,EA,1133775000.0
2009-11-01,EA,1293337000.0
2009-12-01,EA,2288658000.0
2010-01-01,EA,1682149207.0
2010-02-01,EA,1001277301.0
2010-03-01,EA,1715869022.0
2010-04-01,EA,1650166981.0
2010-05-01,EA,1774661108.0
2010-06-01,EA,1431688859.0
2010-07-01,EA,1577699569.0
2010-08-01,EA,1322389192.0
2010-09-01,EA,1276167943.0
2010-10-01,EA,1115143907.0
2010-11-01,EA,1267359386.0
2010-12-01,EA,1213397303.0
2011-01-01,EA,1396052186.0
2011-02-01,EA,1228153961.0
2011-03-01,EA,1941579881.0
2011-04-01,EA,1604202225.0
2011-05-01,EA,2083950996.0
2011-06-01,EA,1804345459.0
2011-07-01,EA,1937392748.0
2011-08-01,EA,1872052718.0
2011-09-01,EA,1861425319.0
2011-10-01,EA,1367265802.0
2011-11-01,EA,1775432027.0
2011-12-01,EA,1894189903.0
2012-01-01,EA,1615558669.0
2012-02-01,EA,1898059314.0
2012-03-01,EA,1899990375.0
2012-04-01,EA,1548812177.0
2012-05-01,EA,1865526052.0
2012-06-01,EA,1844655587.0
2012-07-01,EA,1501504029.0
2012-08-01,EA,1693729858.0
2012-09-01,EA,1728921808.0
2012-10-01,EA,1601801920.0
2012-11-01,EA,1945437872.0
2012-12-01,EA,2165951216.0
2013-01-01,EA,2087213579.0
2013-02-01,EA,1965436349.0
2013-03-01,EA,2383999619.0
2013-04-01,EA,2406501592.0
2013-05-01,EA,2294183025.0
2013-06-01,EA,1691178406.0
2013-07-01,EA,1714820276.0
2013-08-01,EA,1997579575.0
2013-09-01,EA,1837875345.0
2013-10-01,EA,2101708140.0
2013-11-01,EA,1772199988.0
2013-12-01,EA,2252488734.0
2014-01-01,EA,1978674784.0
2014-02-01,EA,1805896117.0
2014-03-01,EA,2469246694.0
2014-04-01,EA,1974415608.0
2014-05-01,EA,2174559030.0
2014-06-01,EA,2073279587.0
2014-07-01,EA,2043855770.0
2014-08-01,EA,2444035822.0
2014-09-01,EA,1875136849.0
2014-10-01,EA,2714225578.0
2014-11-01,EA,2025752557.0
2014-12-01,EA,2205684990.0
2015-01-01,EA,1469183580.0
2015-02-01,EA,1029063515.0
2015-03-01,EA,1569196640.0
2015-04-01,EA,1482178707.0
2015-05-01,EA,1294942466.0
2015-06-01,EA,1690348953.0
2015-07-01,EA,1544246781.0
2015-08-01,EA,1698348987.0
2015-09-01,EA,1949862766.0
2015-10-01,EA,1570314885.0
2015-11-01,EA,1871690196.0
2015-12-01,EA,1925890357.0
2016-01-01,EA,1277794926.0
2016-02-01,EA,1192697587.0
2016-03-01,EA,1272664822.0
2016-04-01,EA,1250462363.0
2016-05-01,EA,1362366750.0
2016-06-01,EA,1566729618.0
2016-07-01,EA,1875795573.0
2016-08-01,EA,1563395755.0
2016-09-01,EA,1796843334.0
2016-10-01,EA,1781318054.0
2016-11-01,EA,2032467058.0
2016-12-01,EA,2396039549.0
2017-01-01,EA,1395255293.0
2017-02-01,EA,2057886005.0
2017-03-01,EA,2321363862.0
2017-04-01,EA,1721492506.0
2017-05-01,EA,1931564881.0
2017-06-01,EA,2012534849.0
2017-07-01,EA,2120883266.0
2017-08-01,EA,2110202178.0
2017-09-01,EA,1754525199.0
2017-10-01,EA,1893212703.0
2017-11-01,EA,2880110685.0
2017-12-01,EA,3262940218.0
2018-01-01,EA,2223654818.0
2018-02-01,EA,2065490996.0
2018-03-01,EA,3831695806.0
2018-04-01,EA,3015865952.0
2018-05-01,EA,3699160693.0
2018-06-01,EA,3010510382.0
2018-07-01,EA,2886773779.0
2018-08-01,EA,3401103928.0
2018-09-01,EA,2578808301.0
2018-10-01,EA,2682432422.0
2018-11-01,EA,2931610473.0
2018-12-01,EA,3556592679.0
2019-01-01,EA,2952312507.0
2019-02-01,EA,2113431229.0
2019-03-01,EA,3966528129.0
2019-04-01,EA,3638397384.0
2019-05-01,EA,2685965053.0
2019-06-01,EA,3150556858.0
2019-07-01,EA,3208111520.0
2019-08-01,EA,2396954454.0
2019-09-01,EA,3285105257.0
2019-10-01,EA,2945490218.0
2019-11-01,EA,4142027013.0
2019-12-01,EA,3951560538.0
2020-01-01,EA,3106194454.0
2020-02-01,EA,3078962772.0
2020-03-01,EA,3705093632.0
2020-04-01,EA,3316769894.0
2020-05-01,EA,1257680169.0
2020-06-01,EA,1199766850.0
2020-07-01,EA,1054764153.0
2020-08-01,EA,1511162091.0
2020-09-01,EA,1431858842.0
2020-10-01,EA,2034236974.0
2020-11-01,EA,1748006764.0
2020-12-01,EA,2135371155.0
2021-01-01,EA,2250350816.0
2021-02-01,EA,2375206051.0
2021-03-01,EA,3357160751.0
2021-04-01,EA,3541202042.0
2021-05-01,EA,2874064502.0
2021-06-01,EA,3478035658.0
2021-07-01,EA,2607934292.0
2021-08-01,EA,2147288609.0
2021-09-01,EA,2428631050.0
2021-10-01,EA,2454226933.0
2021-11-01,EA,2732611190.0
2021-12-01,EA,2232242122.0
2022-01-01,EA,2683436176.0
2022-02-01,EA,2406738123.0
2022-03-01,EA,3368766838.0
2022-04-01,EA,3633373356.0
2022-05-01,EA,3104234010.0
2022-06-01,EA,3255818277.0
2022-07-01,EA,3553074586.0
2022-08-01,EA,4946169554.0
2022-09-01,EA,5460970822.0
2022-10-01,EA,3882580794.0
2022-11-01,EA,5363879880.0
2022-12-01,EA,6642108095.0
2023-01-01,EA,5340109248.0
2023-02-01,EA,4933932356.0
2005-01-01,RO,966229000.0
2005-02-01,RO,791743000.0
2005-03-01,RO,1102122000.0
2005-04-01,RO,1192044000.0
2005-05-01,RO,1126180000.0
2005-06-01,RO,1225306000.0
2005-07-01,RO,1198148000.0
2005-08-01,RO,1267812000.0
2005-09-01,RO,1278296000.0
2005-10-01,RO,1234769000.0
2005-11-01,RO,1301867000.0
2005-12-01,RO,1368214000.0
2006-01-01,RO,1303659000.0
2006-02-01,RO,952952000.0
2006-03-01,RO,1442619000.0
2006-04-01,RO,1484487000.0
2006-05-01,RO,1398123000.0
2006-06-01,RO,1460126000.0
2006-07-01,RO,1450574000.0
2006-08-01,RO,1596345000.0
2006-09-01,RO,1553213000.0
2006-10-01,RO,1451046000.0
2006-11-01,RO,1502320000.0
2006-12-01,RO,1524589000.0
2007-01-01,RO,1563504000.0
2007-02-01,RO,1400594000.0
2007-03-01,RO,1275402000.0
2007-04-01,RO,1699893000.0
2007-05-01,RO,1651078000.0
2007-06-01,RO,1783244000.0
2007-07-01,RO,1753198000.0
2007-08-01,RO,1689929000.0
2007-09-01,RO,1596868000.0
2007-10-01,RO,1552362000.0
2007-11-01,RO,1667579000.0
2007-12-01,RO,1691625000.0
2008-01-01,RO,1727606000.0
2008-02-01,RO,1184835000.0
2008-03-01,RO,1597413000.0
2008-04-01,RO,1796272000.0
2008-05-01,RO,1757826000.0
2008-06-01,RO,1697771000.0
2008-07-01,RO,1848708000.0
2008-08-01,RO,1883706000.0
2008-09-01,RO,1868462000.0
2008-10-01,RO,1839543000.0
2008-11-01,RO,2022675000.0
2008-12-01,RO,2281451000.0
2009-01-01,RO,1589892000.0
2009-02-01,RO,868117000.0
2009-03-01,RO,1494005000.0
2009-04-01,RO,1604176000.0
2009-05-01,RO,1572762000.0
2009-06-01,RO,1531710000.0
2009-07-01,RO,1702549000.0
2009-08-01,RO,1644986000.0
2009-09-01,RO,1789776000.0
2009-10-01,RO,1626092000.0
2009-11-01,RO,1727986000.0
2009-12-01,RO,2225091000.0
2010-01-01,RO,1831211346.0
2010-02-01,RO,1559163701.0
2010-03-01,RO,1741343815.0
2010-04-01,RO,2025845881.0
2010-05-01,RO,2272523269.0
2010-06-01,RO,2331262095.0
2010-07-01,RO,2455945107.0
2010-08-01,RO,2308614350.0
2010-09-01,RO,2310609959.0
2010-10-01,RO,2133294174.0
2010-11-01,RO,2511437884.0
2010-12-01,RO,2655548863.0
2011-01-01,RO,2670531996.0
2011-02-01,RO,1429449959.0
2011-03-01,RO,2513800838.0
2011-04-01,RO,2708610499.0
2011-05-01,RO,2751297958.0
2011-06-01,RO,2785100256.0
2011-07-01,RO,3034999177.0
2011-08-01,RO,3106278529.0
2011-09-01,RO,2964246530.0
2011-10-01,RO,2733794100.0
2011-11-01,RO,3476063221.0
2011-12-01,RO,3324111086.0
2012-01-01,RO,2762110958.0
2012-02-01,RO,1720669488.0
2012-03-01,RO,3073482966.0
2012-04-01,RO,3563809152.0
2012-05-01,RO,4278420434.0
2012-06-01,RO,3943914737.0
2012-07-01,RO,4155152486.0
2012-08-01,RO,4053355590.0
2012-09-01,RO,4277084844.0
2012-10-01,RO,3963262997.0
2012-11-01,RO,3461082784.0
2012-12-01,RO,4330175156.0
2013-01-01,RO,3910967940.0
2013-02-01,RO,2828253132.0
2013-03-01,RO,3319018740.0
2013-04-01,RO,4082997178.0
2013-05-01,RO,4422111166.0
2013-06-01,RO,4002252084.0
2013-07-01,RO,4081121126.0
2013-08-01,RO,4092261308.0
2013-09-01,RO,4087034623.0
2013-10-01,RO,4294719452.0
2013-11-01,RO,4564689812.0
2013-12-01,RO,4823143006.0
2014-01-01,RO,5005785811.0
2014-02-01,RO,2233800698.0
2014-03-01,RO,3674272996.0
2014-04-01,RO,4488233309.0
2014-05-01,RO,4544941546.0
2014-06-01,RO,4110422393.0
2014-07-01,RO,4695140854.0
2014-08-01,RO,4642503881.0
2014-09-01,RO,4586256051.0
2014-10-01,RO,4360761551.0
2014-11-01,RO,4467709572.0
2014-12-01,RO,4976518062.0
2015-01-01,RO,4905148385.0
2015-02-01,RO,4095459140.0
2015-03-01,RO,2815781408.0
2015-04-01,RO,4233995998.0
2015-05-01,RO,4542886503.0
2015-06-01,RO,4475793010.0
2015-07-01,RO,4424270013.0
2015-08-01,RO,4593367678.0
2015-09-01,RO,4579750044.0
2015-10-01,RO,4305237735.0
2015-11-01,RO,4548751559.0
2015-12-01,RO,5094693900.0
2016-01-01,RO,4437919929.0
2016-02-01,RO,2783965846.0
2016-03-01,RO,3765791320.0
2016-04-01,RO,4489602198.0
2016-05-01,RO,4630977490.0
2016-06-01,RO,4200561448.0
2016-07-01,RO,4359089436.0
2016-08-01,RO,4625727233.0
2016-09-01,RO,4174831677.0
2016-10-01,RO,4081596944.0
2016-11-01,RO,4493010712.0
2016-12-01,RO,5133253987.0
2017-01-01,RO,4556876930.0
2017-02-01,RO,2452297033.0
2017-03-01,RO,4462153339.0
2017-04-01,RO,4603617292.0
2017-05-01,RO,4930327250.0
2017-06-01,RO,4768608234.0
2017-07-01,RO,4620687657.0
2017-08-01,RO,4607575396.0
2017-09-01,RO,4594919983.0
2017-10-01,RO,4185010890.0
2017-11-01,RO,5035509846.0
2017-12-01,RO,5737284357.0
2018-01-01,RO,4905327037.0
2018-02-01,RO,4242096855.0
2018-03-01,RO,3692746681.0
2018-04-01,RO,4929311236.0
2018-05-01,RO,5331198366.0
2018-06-01,RO,5442002244.0
2018-07-01,RO,5189460295.0
2018-08-01,RO,5250170400.0
2018-09-01,RO,5332812910.0
2018-10-01,RO,4912775531.0
2018-11-01,RO,5709943309.0
2018-12-01,RO,5744233580.0
2019-01-01,RO,5981723010.0
2019-02-01,RO,3099795739.0
2019-03-01,RO,5015879360.0
2019-04-01,RO,5242123405.0
2019-05-01,RO,6011807684.0
2019-06-01,RO,5617222801.0
2019-07-01,RO,6001110007.0
2019-08-01,RO,5890538533.0
2019-09-01,RO,5550519262.0
2019-10-01,RO,5579718230.0
2019-11-01,RO,5951182455.0
2019-12-01,RO,7002928544.0
2020-01-01,RO,6190644791.0
2020-02-01,RO,1445161825.0
2020-03-01,RO,5219893364.0
2020-04-01,RO,5833774688.0
2020-05-01,RO,5990892779.0
2020-06-01,RO,6585181196.0
2020-07-01,RO,7357051488.0
2020-08-01,RO,7247924879.0
2020-09-01,RO,6939520844.0
2020-10-01,RO,7039358723.0
2020-11-01,RO,8114900707.0
2020-12-01,RO,8580555370.0
2021-01-01,RO,8142887285.0
2021-02-01,RO,5770088774.0
2021-03-01,RO,6764875035.0
2021-04-01,RO,7980043036.0
2021-05-01,RO,8129066799.0
2021-06-01,RO,8299428552.0
2021-07-01,RO,8067714929.0
2021-08-01,RO,8702147792.0
2021-09-01,RO,8749607397.0
2021-10-01,RO,8630005656.0
2021-11-01,RO,9571279949.0
2021-12-01,RO,9726867487.0
2022-01-01,RO,10167177629.0
2022-02-01,RO,5712668621.0
2022-03-01,RO,8148951458.0
2022-04-01,RO,8703124690.0
2022-05-01,RO,9518507162.0
2022-06-01,RO,9818508874.0
2022-07-01,RO,9740006932.0
2022-08-01,RO,9001908418.0
2022-09-01,RO,9211132614.0
2022-10-01,RO,8892451112.0
2022-11-01,RO,9220944046.0
2022-12-01,RO,9464037986.0
2023-01-01,RO,8994085048.0
2023-02-01,RO,5345650487.0
2005-01-01,PP,1019993000.0
2005-02-01,PP,805707000.0
2005-03-01,PP,1077127000.0
2005-04-01,PP,1098612000.0
2005-05-01,PP,988619000.0
2005-06-01,PP,1056266000.0
2005-07-01,PP,991413000.0
2005-08-01,PP,1003979000.0
2005-09-01,PP,1023381000.0
2005-10-01,PP,1104459000.0
2005-11-01,PP,1228309000.0
2005-12-01,PP,1329162000.0
2006-01-01,PP,1366393000.0
2006-02-01,PP,914027000.0
2006-03-01,PP,1477881000.0
2006-04-01,PP,1446743000.0
2006-05-01,PP,1316244000.0
2006-06-01,PP,1315491000.0
2006-07-01,PP,1231429000.0
2006-08-01,PP,1328584000.0
2006-09-01,PP,1309604000.0
2006-10-01,PP,1365614000.0
2006-11-01,PP,1528936000.0
2006-12-01,PP,1596681000.0
2007-01-01,PP,1760650000.0
2007-02-01,PP,1579308000.0
2007-03-01,PP,1305932000.0
2007-04-01,PP,1700657000.0
2007-05-01,PP,1609968000.0
2007-06-01,PP,1623521000.0
2007-07-01,PP,1713778000.0
2007-08-01,PP,1770896000.0
2007-09-01,PP,1691402000.0
2007-10-01,PP,1768430000.0
2007-11-01,PP,2054199000.0
2007-12-01,PP,2149464000.0
2008-01-01,PP,2351521000.0
2008-02-01,PP,1525597000.0
2008-03-01,PP,1974957000.0
2008-04-01,PP,2197241000.0
2008-05-01,PP,1972345000.0
2008-06-01,PP,1919395000.0
2008-07-01,PP,1942479000.0
2008-08-01,PP,1842193000.0
2008-09-01,PP,1858163000.0
2008-10-01,PP,1939873000.0
2008-11-01,PP,2251688000.0
2008-12-01,PP,2489916000.0
2009-01-01,PP,2209036000.0
2009-02-01,PP,1116589000.0
2009-03-01,PP,2112365000.0
2009-04-01,PP,1972781000.0
2009-05-01,PP,1859805000.0
2009-06-01,PP,1622751000.0
2009-07-01,PP,1855375000.0
2009-08-01,PP,1788870000.0
2009-09-01,PP,1929940000.0
2009-10-01,PP,1939878000.0
2009-11-01,PP,2294737000.0
2009-12-01,PP,2923069000.0
2010-01-01,PP,2474096589.0
2010-02-01,PP,1989347851.0
2010-03-01,PP,2185052105.0
2010-04-01,PP,2524474465.0
2010-05-01,PP,2792508227.0
2010-06-01,PP,2776540443.0
2010-07-01,PP,2719643766.0
2010-08-01,PP,2485750875.0
2010-09-01,PP,2363059324.0
2010-10-01,PP,2392022911.0
2010-11-01,PP,3031487996.0
2010-12-01,PP,3277846448.0
2011-01-01,PP,3375372772.0
2011-02-01,PP,1658126764.0
2011-03-01,PP,2877186337.0
2011-04-01,PP,3139140058.0
2011-05-01,PP,2869278591.0
2011-06-01,PP,2815954661.0
2011-07-01,PP,2957027542.0
2011-08-01,PP,2898820592.0
2011-09-01,PP,2653176163.0
2011-10-01,PP,2654005713.0
2011-11-01,PP,3692190533.0
2011-12-01,PP,3841444838.0
2012-01-01,PP,3301616539.0
2012-02-01,PP,1827136062.0
2012-03-01,PP,3426921279.0
2012-04-01,PP,3812615415.0
2012-05-01,PP,4473342088.0
2012-06-01,PP,4198302487.0
2012-07-01,PP,4163859224.0
2012-08-01,PP,3745263338.0
2012-09-01,PP,3973795203.0
2012-10-01,PP,4045912676.0
2012-11-01,PP,3539470020.0
2012-12-01,PP,5367686474.0
2013-01-01,PP,5137680377.0
2013-02-01,PP,3203196980.0
2013-03-01,PP,3268372337.0
2013-04-01,PP,4224507641.0
2013-05-01,PP,4323728385.0
2013-06-01,PP,3912321609.0
2013-07-01,PP,3878076570.0
2013-08-01,PP,3548687002.0
2013-09-01,PP,3469430681.0
2013-10-01,PP,4132691687.0
2013-11-01,PP,4622459264.0
2013-12-01,PP,4958090929.0
2014-01-01,PP,5310214097.0
2014-02-01,PP,2017726538.0
2014-03-01,PP,3229799884.0
2014-04-01,PP,3964279932.0
2014-05-01,PP,4099986373.0
2014-06-01,PP,3772173216.0
2014-07-01,PP,4223903881.0
2014-08-01,PP,4132956856.0
2014-09-01,PP,4000073636.0
2014-10-01,PP,4064352410.0
2014-11-01,PP,4623819387.0
2014-12-01,PP,5186997174.0
2015-01-01,PP,5357821191.0
2015-02-01,PP,4324997188.0
2015-03-01,PP,2703764717.0
2015-04-01,PP,3963456434.0
2015-05-01,PP,4426683977.0
2015-06-01,PP,4054258499.0
2015-07-01,PP,3787297711.0
2015-08-01,PP,3677225774.0
2015-09-01,PP,3707176132.0
2015-10-01,PP,3856757072.0
2015-11-01,PP,4287214305.0
2015-12-01,PP,5044509776.0
2016-01-01,PP,4664016707.0
2016-02-01,PP,2580049628.0
2016-03-01,PP,3290041883.0
2016-04-01,PP,3835004419.0
2016-05-01,PP,3893776943.0
2016-06-01,PP,3594317236.0
2016-07-01,PP,3647481704.0
2016-08-01,PP,3756829015.0
2016-09-01,PP,3477125769.0
2016-10-01,PP,3390076608.0
2016-11-01,PP,4094324524.0
2016-12-01,PP,4651995067.0
2017-01-01,PP,4308553361.0
2017-02-01,PP,2115901876.0
2017-03-01,PP,3935634719.0
2017-04-01,PP,4035082872.0
2017-05-01,PP,4260435767.0
2017-06-01,PP,4030689032.0
2017-07-01,PP,3684504069.0
2017-08-01,PP,3647649408.0
2017-09-01,PP,3609040214.0
2017-10-01,PP,3593407328.0
2017-11-01,PP,4333433441.0
2017-12-01,PP,4715939833.0
2018-01-01,PP,4548847474.0
2018-02-01,PP,3618599671.0
2018-03-01,PP,2937250970.0
2018-04-01,PP,4036142119.0
2018-05-01,PP,4417337258.0
2018-06-01,PP,4406676512.0
2018-07-01,PP,3986511894.0
2018-08-01,PP,3980387009.0
2018-09-01,PP,3976836484.0
2018-10-01,PP,4014263545.0
2018-11-01,PP,5002075613.0
2018-12-01,PP,4811007419.0
2019-01-01,PP,5153387195.0
2019-02-01,PP,2449203048.0
2019-03-01,PP,3795632899.0
2019-04-01,PP,4173349338.0
2019-05-01,PP,4576679158.0
2019-06-01,PP,4140493173.0
2019-07-01,PP,4138832653.0
2019-08-01,PP,3955487239.0
2019-09-01,PP,3727443289.0
2019-10-01,PP,3908074343.0
2019-11-01,PP,4436039103.0
2019-12-01,PP,5371773572.0
2020-01-01,PP,4912669281.0
2020-02-01,PP,876277549.0
2020-03-01,PP,3142579528.0
2020-04-01,PP,3700829420.0
2020-05-01,PP,3994603946.0
2020-06-01,PP,4700772679.0
2020-07-01,PP,5281787571.0
2020-08-01,PP,5111341510.0
2020-09-01,PP,5084195820.0
2020-10-01,PP,5418067037.0
2020-11-01,PP,6584276791.0
2020-12-01,PP,7115065627.0
2021-01-01,PP,6266838894.0
2021-02-01,PP,4237474553.0
2021-03-01,PP,4998548717.0
2021-04-01,PP,5985371350.0
2021-05-01,PP,6020369852.0
2021-06-01,PP,5894933466.0
2021-07-01,PP,5736676986.0
2021-08-01,PP,5911883433.0
2021-09-01,PP,5844474935.0
2021-10-01,PP,6169264088.0
2021-11-01,PP,6661782275.0
2021-12-01,PP,6792121701.0
2022-01-01,PP,7241283753.0
2022-02-01,PP,3944824826.0
2022-03-01,PP,5534703315.0
2022-04-01,PP,6009608756.0
2022-05-01,PP,6283257690.0
2022-06-01,PP,6100252156.0
2022-07-01,PP,5864440487.0
2022-08-01,PP,5425283207.0
2022-09-01,PP,5535448216.0
2022-10-01,PP,5765276048.0
2022-11-01,PP,5882940018.0
2022-12-01,PP,6092796269.0
2023-01-01,PP,6297633957.0
2023-02-01,PP,2962819593.0
2005-01-01,FP,943843000.0
2005-02-01,FP,942162000.0
2005-03-01,FP,1358787000.0
2005-04-01,FP,1306885000.0
2005-05-01,FP,1358037000.0
2005-06-01,FP,1401384000.0
2005-07-01,FP,1058538000.0
2005-08-01,FP,914026000.0
2005-09-01,FP,889845000.0
2005-10-01,FP,865600000.0
2005-11-01,FP,964054000.0
2005-12-01,FP,1074992000.0
2006-01-01,FP,1032940000.0
2006-02-01,FP,1066297000.0
2006-03-01,FP,1529264000.0
2006-04-01,FP,1483198000.0
2006-05-01,FP,1888416000.0
2006-06-01,FP,2474336000.0
2006-07-01,FP,2195263000.0
2006-08-01,FP,2493613000.0
2006-09-01,FP,2667549000.0
2006-10-01,FP,2834602000.0
2006-11-01,FP,3048685000.0
2006-12-01,FP,3515488000.0
2007-01-01,FP,2891589000.0
2007-02-01,FP,2941623000.0
2007-03-01,FP,3388840000.0
2007-04-01,FP,4578302000.0
2007-05-01,FP,4182507000.0
2007-06-01,FP,4395038000.0
2007-07-01,FP,4299813000.0
2007-08-01,FP,3948517000.0
2007-09-01,FP,3380595000.0
2007-10-01,FP,3138694000.0
2007-11-01,FP,3216689000.0
2007-12-01,FP,3765705000.0
2008-01-01,FP,3488030000.0
2008-02-01,FP,2754515000.0
2008-03-01,FP,3678380000.0
2008-04-01,FP,4434967000.0
2008-05-01,FP,5470160000.0
2008-06-01,FP,5440229000.0
2008-07-01,FP,7832770000.0
2008-08-01,FP,8792379000.0
2008-09-01,FP,7937697000.0
2008-10-01,FP,5811009000.0
2008-11-01,FP,3901581000.0
2008-12-01,FP,3933305000.0
2009-01-01,FP,2352506000.0
2009-02-01,FP,1762129000.0
2009-03-01,FP,1801911000.0
2009-04-01,FP,1575041000.0
2009-05-01,FP,1344775000.0
2009-06-01,FP,1355225000.0
2009-07-01,FP,1597291000.0
2009-08-01,FP,1660925000.0
2009-09-01,FP,1990754000.0
2009-10-01,FP,2106677000.0
2009-11-01,FP,2191543000.0
2009-12-01,FP,2533019000.0
2010-01-01,FP,2223895903.0
2010-02-01,FP,1933880741.0
2010-03-01,FP,2568755965.0
2010-04-01,FP,3265499773.0
2010-05-01,FP,3962234346.0
2010-06-01,FP,4712156666.0
2010-07-01,FP,4010904641.0
2010-08-01,FP,2726034082.0
2010-09-01,FP,2843389746.0
2010-10-01,FP,2718193461.0
2010-11-01,FP,2941017955.0
2010-12-01,FP,2910948429.0
2011-01-01,FP,3192080197.0
2011-02-01,FP,2482795710.0
2011-03-01,FP,4738137328.0
2011-04-01,FP,4829201723.0
2011-05-01,FP,4987731849.0
2011-06-01,FP,4635364435.0
2011-07-01,FP,4850417861.0
2011-08-01,FP,4598423635.0
2011-09-01,FP,4502227887.0
2011-10-01,FP,4043227066.0
2011-11-01,FP,4459640190.0
2011-12-01,FP,3932649121.0
2012-01-01,FP,3783484881.0
2012-02-01,FP,3193979986.0
2012-03-01,FP,4746299223.0
2012-04-01,FP,4416474478.0
2012-05-01,FP,5002997373.0
2012-06-01,FP,4977172034.0
2012-07-01,FP,4206322015.0
2012-08-01,FP,4069770424.0
2012-09-01,FP,4553424452.0
2012-10-01,FP,4030526690.0
2012-11-01,FP,4293898689.0
2012-12-01,FP,4212747304.0
2013-01-01,FP,4238275428.0
2013-02-01,FP,3640656081.0
2013-03-01,FP,4490346001.0
2013-04-01,FP,4912057842.0
2013-05-01,FP,4894812370.0
2013-06-01,FP,4584489260.0
2013-07-01,FP,4412776714.0
2013-08-01,FP,4936104652.0
2013-09-01,FP,4073044088.0
2013-10-01,FP,4196730142.0
2013-11-01,FP,4262223532.0
2013-12-01,FP,4571249443.0
2014-01-01,FP,5605404628.0
2014-02-01,FP,3684008596.0
2014-03-01,FP,5256383865.0
2014-04-01,FP,6012682181.0
2014-05-01,FP,6371976842.0
2014-06-01,FP,5569393152.0
2014-07-01,FP,6304229713.0
2014-08-01,FP,6027469215.0
2014-09-01,FP,6296093518.0
2014-10-01,FP,6145920297.0
2014-11-01,FP,6653290657.0
2014-12-01,FP,6887030782.0
2015-01-01,FP,6846844567.0
2015-02-01,FP,5252658072.0
2015-03-01,FP,4731419075.0
2015-04-01,FP,5236456275.0
2015-05-01,FP,5329876821.0
2015-06-01,FP,5109899067.0
2015-07-01,FP,5316380887.0
2015-08-01,FP,5142230686.0
2015-09-01,FP,5674030493.0
2015-10-01,FP,4663738151.0
2015-11-01,FP,4618244319.0
2015-12-01,FP,4874195023.0
2016-01-01,FP,4294569127.0
2016-02-01,FP,3476684117.0
2016-03-01,FP,4210135881.0
2016-04-01,FP,4265608438.0
2016-05-01,FP,4710329806.0
2016-06-01,FP,5533495848.0
2016-07-01,FP,5320039840.0
2016-08-01,FP,4874696591.0
2016-09-01,FP,4706799524.0
2016-10-01,FP,4179728407.0
2016-11-01,FP,4538963271.0
2016-12-01,FP,4597192285.0
2017-01-01,FP,4542635734.0
2017-02-01,FP,3521198632.0
2017-03-01,FP,5111671784.0
2017-04-01,FP,4749652312.0
2017-05-01,FP,5033982587.0
2017-06-01,FP,4821944171.0
2017-07-01,FP,4776452763.0
2017-08-01,FP,4703942940.0
2017-09-01,FP,3904693472.0
2017-10-01,FP,3967173835.0
2017-11-01,FP,4434122998.0
2017-12-01,FP,4934269415.0
2018-01-01,FP,4243672776.0
2018-02-01,FP,4211231340.0
2018-03-01,FP,4695294769.0
2018-04-01,FP,5465136880.0
2018-05-01,FP,5936569771.0
2018-06-01,FP,5895917933.0
2018-07-01,FP,5212523255.0
2018-08-01,FP,5149660819.0
2018-09-01,FP,5254878568.0
2018-10-01,FP,4808451811.0
2018-11-01,FP,4800113405.0
2018-12-01,FP,4922513637.0
2019-01-01,FP,5082702658.0
2019-02-01,FP,3462229840.0
2019-03-01,FP,4939187471.0
2019-04-01,FP,4980117223.0
2019-05-01,FP,4929428473.0
2019-06-01,FP,4585853838.0
2019-07-01,FP,4887895706.0
2019-08-01,FP,4353831398.0
2019-09-01,FP,4469921243.0
2019-10-01,FP,4010588453.0
2019-11-01,FP,3930245505.0
2019-12-01,FP,4116281426.0
2020-01-01,FP,3769494434.0
2020-02-01,FP,2331103302.0
2020-03-01,FP,4856426377.0
2020-04-01,FP,4750678524.0
2020-05-01,FP,3660292487.0
2020-06-01,FP,3372634328.0
2020-07-01,FP,3642450481.0
2020-08-01,FP,3317480855.0
2020-09-01,FP,3461307440.0
2020-10-01,FP,3626580145.0
2020-11-01,FP,4067765310.0
2020-12-01,FP,4587924010.0
2021-01-01,FP,4674763190.0
2021-02-01,FP,4167122677.0
2021-03-01,FP,6317746174.0
2021-04-01,FP,7393239289.0
2021-05-01,FP,5966023279.0
2021-06-01,FP,8218237448.0
2021-07-01,FP,7490246967.0
2021-08-01,FP,7205996754.0
2021-09-01,FP,7229788656.0
2021-10-01,FP,6791948361.0
2021-11-01,FP,7498626083.0
2021-12-01,FP,8395628848.0
2022-01-01,FP,6816108787.0
2022-02-01,FP,4929841345.0
2022-03-01,FP,6681698055.0
2022-04-01,FP,7086046031.0
2022-05-01,FP,10632801201.0
2022-06-01,FP,11636051433.0
2022-07-01,FP,10687974851.0
2022-08-01,FP,9636712213.0
2022-09-01,FP,6963323080.0
2022-10-01,FP,6764033528.0
2022-11-01,FP,7353624964.0
2022-12-01,FP,7360611129.0
2023-01-01,FP,8151724611.0
2023-02-01,FP,6826024237.0
2005-01-01,Steel,6677301000.0
2005-02-01,Steel,6523296000.0
2005-03-01,Steel,8975361000.0
2005-04-01,Steel,8310301000.0
2005-05-01,Steel,7494166000.0
2005-06-01,Steel,8325809000.0
2005-07-01,Steel,8255480000.0
2005-08-01,Steel,8837943000.0
2005-09-01,Steel,9625795000.0
2005-10-01,Steel,9855330000.0
2005-11-01,Steel,10830348000.0
2005-12-01,Steel,10940364000.0
2006-01-01,Steel,7866795000.0
2006-02-01,Steel,8262021000.0
2006-03-01,Steel,10666480000.0
2006-04-01,Steel,9767339000.0
2006-05-01,Steel,8421447000.0
2006-06-01,Steel,9951093000.0
2006-07-01,Steel,9897389000.0
2006-08-01,Steel,10791798000.0
2006-09-01,Steel,11382550000.0
2006-10-01,Steel,11622249000.0
2006-11-01,Steel,14115319000.0
2006-12-01,Steel,12891463000.0
2007-01-01,Steel,9000334000.0
2007-02-01,Steel,8783971000.0
2007-03-01,Steel,11332952000.0
2007-04-01,Steel,9212824000.0
2007-05-01,Steel,7957099000.0
2007-06-01,Steel,9732035000.0
2007-07-01,Steel,9749904000.0
2007-08-01,Steel,10535703000.0
2007-09-01,Steel,11850651000.0
2007-10-01,Steel,12163896000.0
2007-11-01,Steel,13223375000.0
2007-12-01,Steel,12225336000.0
2008-01-01,Steel,9758934000.0
2008-02-01,Steel,9982674000.0
2008-03-01,Steel,11605553000.0
2008-04-01,Steel,10950192000.0
2008-05-01,Steel,10213022000.0
2008-06-01,Steel,10816100000.0
2008-07-01,Steel,12440505000.0
2008-08-01,Steel,12262295000.0
2008-09-01,Steel,13015600000.0
2008-10-01,Steel,13710010000.0
2008-11-01,Steel,12135206000.0
2008-12-01,Steel,10103557000.0
2009-01-01,Steel,7372045000.0
2009-02-01,Steel,7804532000.0
2009-03-01,Steel,9607531000.0
2009-04-01,Steel,9189479000.0
2009-05-01,Steel,7959403000.0
2009-06-01,Steel,10185604000.0
2009-07-01,Steel,11137966000.0
2009-08-01,Steel,10407050000.0
2009-09-01,Steel,11869843000.0
2009-10-01,Steel,13731591000.0
2009-11-01,Steel,13552759000.0
2009-12-01,Steel,14497915000.0
2010-01-01,Steel,11251802063.0
2010-02-01,Steel,10641073469.0
2010-03-01,Steel,13355868454.0
2010-04-01,Steel,12653144380.0
2010-05-01,Steel,13356306959.0
2010-06-01,Steel,15231222830.0
2010-07-01,Steel,14846504540.0
2010-08-01,Steel,13272821712.0
2010-09-01,Steel,15751274770.0
2010-10-01,Steel,16194523360.0
2010-11-01,Steel,16142438256.0
2010-12-01,Steel,17053623029.0
2011-01-01,Steel,12326174417.0
2011-02-01,Steel,9861587360.0
2011-03-01,Steel,14582184513.0
2011-04-01,Steel,14426391135.0
2011-05-01,Steel,13972745504.0
2011-06-01,Steel,15816218570.0
2011-07-01,Steel,16993301017.0
2011-08-01,Steel,16892065794.0
2011-09-01,Steel,16515914799.0
2011-10-01,Steel,17162529470.0
2011-11-01,Steel,16868935837.0
2011-12-01,Steel,16546914735.0
2012-01-01,Steel,12028159952.0
2012-02-01,Steel,12946578224.0
2012-03-01,Steel,16132085183.0
2012-04-01,Steel,15022402205.0
2012-05-01,Steel,16067994009.0
2012-06-01,Steel,17379079341.0
2012-07-01,Steel,16136787710.0
2012-08-01,Steel,14617114411.0
2012-09-01,Steel,15519343115.0
2012-10-01,Steel,18120966411.0
2012-11-01,Steel,19442800689.0
2012-12-01,Steel,19646081137.0
2013-01-01,Steel,15974643047.0
2013-02-01,Steel,13502814686.0
2013-03-01,Steel,16168152876.0
2013-04-01,Steel,14838613549.0
2013-05-01,Steel,13944685478.0
2013-06-01,Steel,14296951024.0
2013-07-01,Steel,15019588815.0
2013-08-01,Steel,15548618522.0
2013-09-01,Steel,14797945753.0
2013-10-01,Steel,16568300884.0
2013-11-01,Steel,20120372053.0
2013-12-01,Steel,19535731231.0
2014-01-01,Steel,15868140833.0
2014-02-01,Steel,12355971176.0
2014-03-01,Steel,14738722169.0
2014-04-01,Steel,14528251934.0
2014-05-01,Steel,15218134125.0
2014-06-01,Steel,15167594519.0
2014-07-01,Steel,16751169103.0
2014-08-01,Steel,15941078925.0
2014-09-01,Steel,15684786314.0
2014-10-01,Steel,17870996288.0
2014-11-01,Steel,20048748038.0
2014-12-01,Steel,19701428573.0
2015-01-01,Steel,13191874400.0
2015-02-01,Steel,11680157291.0
2015-03-01,Steel,13265575054.0
2015-04-01,Steel,12618995247.0
2015-05-01,Steel,13055442505.0
2015-06-01,Steel,13298250668.0
2015-07-01,Steel,13607225322.0
2015-08-01,Steel,13568168736.0
2015-09-01,Steel,14659175585.0
2015-10-01,Steel,14644872244.0
2015-11-01,Steel,15323898396.0
2015-12-01,Steel,16341655806.0
2016-01-01,Steel,10661050426.0
2016-02-01,Steel,9789651376.0
2016-03-01,Steel,12165890175.0
2016-04-01,Steel,11511671234.0
2016-05-01,Steel,11290216338.0
2016-06-01,Steel,12399825302.0
2016-07-01,Steel,12458125292.0
2016-08-01,Steel,12822556073.0
2016-09-01,Steel,12904974190.0
2016-10-01,Steel,13550991794.0
2016-11-01,Steel,15087410864.0
2016-12-01,Steel,15537235059.0
2017-01-01,Steel,11514563272.0
2017-02-01,Steel,10658109030.0
2017-03-01,Steel,13901378499.0
2017-04-01,Steel,12760017180.0
2017-05-01,Steel,13145240661.0
2017-06-01,Steel,16584212352.0
2017-07-01,Steel,16034988588.0
2017-08-01,Steel,16598631241.0
2017-09-01,Steel,16788217774.0
2017-10-01,Steel,16183830482.0
2017-11-01,Steel,18989840533.0
2017-12-01,Steel,18548412754.0
2018-01-01,Steel,14462148853.0
2018-02-01,Steel,13036919091.0
2018-03-01,Steel,17426142615.0
2018-04-01,Steel,16601816002.0
2018-05-01,Steel,16920942964.0
2018-06-01,Steel,17330466533.0
2018-07-01,Steel,17805674368.0
2018-08-01,Steel,18634054803.0
2018-09-01,Steel,18696939003.0
2018-10-01,Steel,18101943846.0
2018-11-01,Steel,19633679027.0
2018-12-01,Steel,18515646951.0
2019-01-01,Steel,15427077231.0
2019-02-01,Steel,11960259700.0
2019-03-01,Steel,16339501165.0
2019-04-01,Steel,14705871366.0
2019-05-01,Steel,15287411323.0
2019-06-01,Steel,17212121599.0
2019-07-01,Steel,16009104302.0
2019-08-01,Steel,15097437295.0
2019-09-01,Steel,15177977441.0
2019-10-01,Steel,17369170829.0
2019-11-01,Steel,17883491309.0
2019-12-01,Steel,16569515972.0
2020-01-01,Steel,13168319901.0
2020-02-01,Steel,6767256798.0
2020-03-01,Steel,13909314335.0
2020-04-01,Steel,19132926174.0
2020-05-01,Steel,19576853046.0
2020-06-01,Steel,17807118212.0
2020-07-01,Steel,19144118724.0
2020-08-01,Steel,18621732154.0
2020-09-01,Steel,19692131693.0
2020-10-01,Steel,19636668686.0
2020-11-01,Steel,21207323344.0
2020-12-01,Steel,22297353812.0
2021-01-01,Steel,19884089645.0
2021-02-01,Steel,16005929958.0
2021-03-01,Steel,20294047276.0
2021-04-01,Steel,19268320618.0
2021-05-01,Steel,18801180013.0
2021-06-01,Steel,20207052411.0
2021-07-01,Steel,21362660570.0
2021-08-01,Steel,21016193186.0
2021-09-01,Steel,22589418803.0
2021-10-01,Steel,23430528495.0
2021-11-01,Steel,25089738111.0
2021-12-01,Steel,27275098180.0
2022-01-01,Steel,21673137637.0
2022-02-01,Steel,17656824542.0
2022-03-01,Steel,22267045014.0
2022-04-01,Steel,18284014118.0
2022-05-01,Steel,17739544039.0
2022-06-01,Steel,22054908392.0
2022-07-01,Steel,21949721461.0
2022-08-01,Steel,19508601463.0
2022-09-01,Steel,19743619781.0
2022-10-01,Steel,19530242840.0
2022-11-01,Steel,17996070398.0
2022-12-01,Steel,17558753237.0
2023-01-01,Steel,14049924209.0
2023-02-01,Steel,12641486002.0
2005-01-01,Textile,145870000.0
2005-02-01,Textile,97885000.0
2005-03-01,Textile,214422000.0
2005-04-01,Textile,128974000.0
2005-05-01,Textile,167347000.0
2005-06-01,Textile,314869000.0
2005-07-01,Textile,191455000.0
2005-08-01,Textile,126817000.0
2005-09-01,Textile,120596000.0
2005-10-01,Textile,106128000.0
2005-11-01,Textile,132535000.0
2005-12-01,Textile,168146000.0
2006-01-01,Textile,151495000.0
2006-02-01,Textile,213880000.0
2006-03-01,Textile,183845000.0
2006-04-01,Textile,103172000.0
2006-05-01,Textile,94651000.0
2006-06-01,Textile,89844000.0
2006-07-01,Textile,69973000.0
2006-08-01,Textile,62870000.0
2006-09-01,Textile,59788000.0
2006-10-01,Textile,91753000.0
2006-11-01,Textile,144184000.0
2006-12-01,Textile,195245000.0
2007-01-01,Textile,266970000.0
2007-02-01,Textile,260053000.0
2007-03-01,Textile,334271000.0
2007-04-01,Textile,185152000.0
2007-05-01,Textile,82372000.0
2007-06-01,Textile,120790000.0
2007-07-01,Textile,151841000.0
2007-08-01,Textile,135713000.0
2007-09-01,Textile,156640000.0
2007-10-01,Textile,149692000.0
2007-11-01,Textile,193660000.0
2007-12-01,Textile,225878000.0
2008-01-01,Textile,172035000.0
2008-02-01,Textile,187825000.0
2008-03-01,Textile,192561000.0
2008-04-01,Textile,134225000.0
2008-05-01,Textile,104315000.0
2008-06-01,Textile,117001000.0
2008-07-01,Textile,112089000.0
2008-08-01,Textile,127311000.0
2008-09-01,Textile,100619000.0
2008-10-01,Textile,111020000.0
2008-11-01,Textile,119376000.0
2008-12-01,Textile,117138000.0
2009-01-01,Textile,134170000.0
2009-02-01,Textile,141665000.0
2009-03-01,Textile,151012000.0
2009-04-01,Textile,170055000.0
2009-05-01,Textile,139842000.0
2009-06-01,Textile,150104000.0
2009-07-01,Textile,106437000.0
2009-08-01,Textile,101592000.0
2009-09-01,Textile,74893000.0
2009-10-01,Textile,119794000.0
2009-11-01,Textile,149193000.0
2009-12-01,Textile,174540000.0
2010-01-01,Textile,167248266.0
2010-02-01,Textile,121631818.0
2010-03-01,Textile,149882274.0
2010-04-01,Textile,117928058.0
2010-05-01,Textile,125860408.0
2010-06-01,Textile,106002782.0
2010-07-01,Textile,115634790.0
2010-08-01,Textile,79982889.0
2010-09-01,Textile,88410229.0
2010-10-01,Textile,130811040.0
2010-11-01,Textile,167237728.0
2010-12-01,Textile,196842289.0
2011-01-01,Textile,184225436.0
2011-02-01,Textile,94803136.0
2011-03-01,Textile,205036942.0
2011-04-01,Textile,185656870.0
2011-05-01,Textile,181907153.0
2011-06-01,Textile,147835427.0
2011-07-01,Textile,108679359.0
2011-08-01,Textile,106659755.0
2011-09-01,Textile,99454174.0
2011-10-01,Textile,143477987.0
2011-11-01,Textile,204127339.0
2011-12-01,Textile,157418671.0
2012-01-01,Textile,197561141.0
2012-02-01,Textile,124138350.0
2012-03-01,Textile,222297311.0
2012-04-01,Textile,236144293.0
2012-05-01,Textile,167378364.0
2012-06-01,Textile,152712764.0
2012-07-01,Textile,116647777.0
2012-08-01,Textile,122438664.0
2012-09-01,Textile,133206394.0
2012-10-01,Textile,146486280.0
2012-11-01,Textile,191667443.0
2012-12-01,Textile,189678182.0
2013-01-01,Textile,175874537.0
2013-02-01,Textile,172540467.0
2013-03-01,Textile,199707047.0
2013-04-01,Textile,191784212.0
2013-05-01,Textile,214748187.0
2013-06-01,Textile,164716011.0
2013-07-01,Textile,159110756.0
2013-08-01,Textile,129118413.0
2013-09-01,Textile,123811365.0
2013-10-01,Textile,129598079.0
2013-11-01,Textile,163965429.0
2013-12-01,Textile,171731591.0
2014-01-01,Textile,174832083.0
2014-02-01,Textile,90590301.0
2014-03-01,Textile,140107411.0
2014-04-01,Textile,138516070.0
2014-05-01,Textile,162827421.0
2014-06-01,Textile,121765409.0
2014-07-01,Textile,137627285.0
2014-08-01,Textile,107487287.0
2014-09-01,Textile,120718516.0
2014-10-01,Textile,165569984.0
2014-11-01,Textile,223809058.0
2014-12-01,Textile,213599949.0
2015-01-01,Textile,130972134.0
2015-02-01,Textile,110509870.0
2015-03-01,Textile,93519720.0
2015-04-01,Textile,149786574.0
2015-05-01,Textile,124495663.0
2015-06-01,Textile,119166209.0
2015-07-01,Textile,83337873.0
2015-08-01,Textile,73500783.0
2015-09-01,Textile,125711698.0
2015-10-01,Textile,105703190.0
2015-11-01,Textile,119609242.0
2015-12-01,Textile,153053526.0
2016-01-01,Textile,108614247.0
2016-02-01,Textile,78089287.0
2016-03-01,Textile,112934934.0
2016-04-01,Textile,131871391.0
2016-05-01,Textile,129155692.0
2016-06-01,Textile,123944524.0
2016-07-01,Textile,117567484.0
2016-08-01,Textile,110660917.0
2016-09-01,Textile,145986180.0
2016-10-01,Textile,133472308.0
2016-11-01,Textile,168547745.0
2016-12-01,Textile,135471292.0
2017-01-01,Textile,124075118.0
2017-02-01,Textile,100351827.0
2017-03-01,Textile,151348471.0
2017-04-01,Textile,154498918.0
2017-05-01,Textile,165907326.0
2017-06-01,Textile,163798219.0
2017-07-01,Textile,126965225.0
2017-08-01,Textile,110853025.0
2017-09-01,Textile,149158881.0
2017-10-01,Textile,157120000.0
2017-11-01,Textile,187266377.0
2017-12-01,Textile,189162958.0
2018-01-01,Textile,189475263.0
2018-02-01,Textile,124245918.0
2018-03-01,Textile,141341646.0
2018-04-01,Textile,206512390.0
2018-05-01,Textile,146916836.0
2018-06-01,Textile,158640979.0
2018-07-01,Textile,167855927.0
2018-08-01,Textile,139148055.0
2018-09-01,Textile,135548366.0
2018-10-01,Textile,153595277.0
2018-11-01,Textile,206323999.0
2018-12-01,Textile,249502523.0
2019-01-01,Textile,137104998.0
2019-02-01,Textile,104797451.0
2019-03-01,Textile,177675846.0
2019-04-01,Textile,230223830.0
2019-05-01,Textile,221185766.0
2019-06-01,Textile,212320621.0
2019-07-01,Textile,225844802.0
2019-08-01,Textile,181513592.0
2019-09-01,Textile,141810725.0
2019-10-01,Textile,204992368.0
2019-11-01,Textile,194529734.0
2019-12-01,Textile,217664203.0
2020-01-01,Textile,122267107.0
2020-02-01,Textile,84572264.0
2020-03-01,Textile,226425667.0
2020-04-01,Textile,203488183.0
2020-05-01,Textile,220386997.0
2020-06-01,Textile,198832321.0
2020-07-01,Textile,160570937.0
2020-08-01,Textile,98743154.0
2020-09-01,Textile,117249113.0
2020-10-01,Textile,141910001.0
2020-11-01,Textile,126607344.0
2020-12-01,Textile,140647288.0
2021-01-01,Textile,156223971.0
2021-02-01,Textile,114888339.0
2021-03-01,Textile,172582450.0
2021-04-01,Textile,147868404.0
2021-05-01,Textile,163139177.0
2021-06-01,Textile,164415111.0
2021-07-01,Textile,130240688.0
2021-08-01,Textile,112610830.0
2021-09-01,Textile,117832422.0
2021-10-01,Textile,154889947.0
2021-11-01,Textile,148804496.0
2021-12-01,Textile,180727035.0
2022-01-01,Textile,133434228.0
2022-02-01,Textile,136159739.0
2022-03-01,Textile,114443990.0
2022-04-01,Textile,158370836.0
2022-05-01,Textile,118438995.0
2022-06-01,Textile,180143361.0
2022-07-01,Textile,186965233.0
2022-08-01,Textile,161730370.0
2022-09-01,Textile,143127340.0
2022-10-01,Textile,161975590.0
2022-11-01,Textile,191510274.0
2022-12-01,Textile,179658895.0
2023-01-01,Textile,138670266.0
2023-02-01,Textile,87379931.0
2005-01-01,ADPEP,0.0
2005-02-01,ADPEP,0.0
2005-03-01,ADPEP,0.0
2005-04-01,ADPEP,0.0
2005-05-01,ADPEP,0.0
2005-06-01,ADPEP,0.0
2005-07-01,ADPEP,0.0
2005-08-01,ADPEP,0.0
2005-09-01,ADPEP,0.0
2005-10-01,ADPEP,0.0
2005-11-01,ADPEP,0.0
2005-12-01,ADPEP,0.0
2006-01-01,ADPEP,0.0
2006-02-01,ADPEP,0.0
2006-03-01,ADPEP,0.0
2006-04-01,ADPEP,0.0
2006-05-01,ADPEP,0.0
2006-06-01,ADPEP,0.0
2006-07-01,ADPEP,0.0
2006-08-01,ADPEP,0.0
2006-09-01,ADPEP,0.0
2006-10-01,ADPEP,0.0
2006-11-01,ADPEP,0.0
2006-12-01,ADPEP,0.0
2007-01-01,ADPEP,1801466000.0
2007-02-01,ADPEP,1588026000.0
2007-03-01,ADPEP,1928083000.0
2007-04-01,ADPEP,1817307000.0
2007-05-01,ADPEP,1863815000.0
2007-06-01,ADPEP,1924002000.0
2007-07-01,ADPEP,1927421000.0
2007-08-01,ADPEP,2197769000.0
2007-09-01,ADPEP,2208415000.0
2007-10-01,ADPEP,2063217000.0
2007-11-01,ADPEP,2240978000.0
2007-12-01,ADPEP,2041910000.0
2008-01-01,ADPEP,1846577000.0
2008-02-01,ADPEP,1609081000.0
2008-03-01,ADPEP,1958083000.0
2008-04-01,ADPEP,2104297000.0
2008-05-01,ADPEP,1981859000.0
2008-06-01,ADPEP,2117408000.0
2008-07-01,ADPEP,2306564000.0
2008-08-01,ADPEP,2281044000.0
2008-09-01,ADPEP,2317692000.0
2008-10-01,ADPEP,2230384000.0
2008-11-01,ADPEP,1784970000.0
2008-12-01,ADPEP,1818444000.0
2009-01-01,ADPEP,1153056000.0
2009-02-01,ADPEP,1412162000.0
2009-03-01,ADPEP,1686408000.0
2009-04-01,ADPEP,1629681000.0
2009-05-01,ADPEP,1739142000.0
2009-06-01,ADPEP,1974205000.0
2009-07-01,ADPEP,2000447000.0
2009-08-01,ADPEP,1970021000.0
2009-09-01,ADPEP,2494133000.0
2009-10-01,ADPEP,2232991000.0
2009-11-01,ADPEP,2369625000.0
2009-12-01,ADPEP,2659418000.0
2010-01-01,ADPEP,2282281344.0
2010-02-01,ADPEP,1811265099.0
2010-03-01,ADPEP,2455275640.0
2010-04-01,ADPEP,2387305845.0
2010-05-01,ADPEP,2411304564.0
2010-06-01,ADPEP,2333897930.0
2010-07-01,ADPEP,2543518303.0
2010-08-01,ADPEP,2518186186.0
2010-09-01,ADPEP,2752273495.0
2010-10-01,ADPEP,2527666229.0
2010-11-01,ADPEP,2561473085.0
2010-12-01,ADPEP,2660302609.0
2011-01-01,ADPEP,2626217835.0
2011-02-01,ADPEP,1913024670.0
2011-03-01,ADPEP,2837400879.0
2011-04-01,ADPEP,2552603381.0
2011-05-01,ADPEP,2660319028.0
2011-06-01,ADPEP,2585092446.0
2011-07-01,ADPEP,2808064157.0
2011-08-01,ADPEP,2644031593.0
2011-09-01,ADPEP,2862432400.0
2011-10-01,ADPEP,2460920343.0
2011-11-01,ADPEP,3088171242.0
2011-12-01,ADPEP,3521876072.0
2012-01-01,ADPEP,2001043509.0
2012-02-01,ADPEP,2447506691.0
2012-03-01,ADPEP,3131518363.0
2012-04-01,ADPEP,3037968278.0
2012-05-01,ADPEP,2959922537.0
2012-06-01,ADPEP,4411508027.0
2012-07-01,ADPEP,4615251160.0
2012-08-01,ADPEP,5574075558.0
2012-09-01,ADPEP,6320093396.0
2012-10-01,ADPEP,5172450502.0
2012-11-01,ADPEP,6034536458.0
2012-12-01,ADPEP,7728323370.0
2013-01-01,ADPEP,7532170646.0
2013-02-01,ADPEP,6350168684.0
2013-03-01,ADPEP,15901028060.0
2013-04-01,ADPEP,11749181486.0
2013-05-01,ADPEP,5889334075.0
2013-06-01,ADPEP,5032843140.0
2013-07-01,ADPEP,6541577992.0
2013-08-01,ADPEP,6582212572.0
2013-09-01,ADPEP,5054790326.0
2013-10-01,ADPEP,5257974888.0
2013-11-01,ADPEP,5946802914.0
2013-12-01,ADPEP,5725978228.0
2014-01-01,ADPEP,4028112633.0
2014-02-01,ADPEP,3454422130.0
2014-03-01,ADPEP,4847831972.0
2014-04-01,ADPEP,4965883816.0
2014-05-01,ADPEP,5617848500.0
2014-06-01,ADPEP,5160749703.0
2014-07-01,ADPEP,6358447405.0
2014-08-01,ADPEP,5750048568.0
2014-09-01,ADPEP,5388879926.0
2014-10-01,ADPEP,5376230957.0
2014-11-01,ADPEP,4666093205.0
2014-12-01,ADPEP,5250909954.0
2015-01-01,ADPEP,4546849527.0
2015-02-01,ADPEP,3334711425.0
2015-03-01,ADPEP,4570323606.0
2015-04-01,ADPEP,4559132687.0
2015-05-01,ADPEP,5627011498.0
2015-06-01,ADPEP,6156084511.0
2015-07-01,ADPEP,5735086599.0
2015-08-01,ADPEP,6157529257.0
2015-09-01,ADPEP,6305315273.0
2015-10-01,ADPEP,5969637387.0
2015-11-01,ADPEP,7537358579.0
2015-12-01,ADPEP,8524821437.0
2016-01-01,ADPEP,4544673562.0
2016-02-01,ADPEP,3359589430.0
2016-03-01,ADPEP,5634442088.0
2016-04-01,ADPEP,5108372555.0
2016-05-01,ADPEP,5288558083.0
2016-06-01,ADPEP,5392106932.0
2016-07-01,ADPEP,5307372794.0
2016-08-01,ADPEP,4659097141.0
2016-09-01,ADPEP,5429942655.0
2016-10-01,ADPEP,4989374976.0
2016-11-01,ADPEP,6020141019.0
2016-12-01,ADPEP,6310068783.0
2017-01-01,ADPEP,4374614308.0
2017-02-01,ADPEP,4444615821.0
2017-03-01,ADPEP,4717190578.0
2017-04-01,ADPEP,5041280737.0
2017-05-01,ADPEP,5073012685.0
2017-06-01,ADPEP,5753779170.0
2017-07-01,ADPEP,5960626776.0
2017-08-01,ADPEP,6116152294.0
2017-09-01,ADPEP,6254040952.0
2017-10-01,ADPEP,5559178642.0
2017-11-01,ADPEP,6216426055.0
2017-12-01,ADPEP,7364129957.0
2018-01-01,ADPEP,6067444713.0
2018-02-01,ADPEP,5235635528.0
2018-03-01,ADPEP,7087179339.0
2018-04-01,ADPEP,6337275937.0
2018-05-01,ADPEP,6878831486.0
2018-06-01,ADPEP,7473229755.0
2018-07-01,ADPEP,7080689763.0
2018-08-01,ADPEP,7126500913.0
2018-09-01,ADPEP,8404975731.0
2018-10-01,ADPEP,8406407550.0
2018-11-01,ADPEP,7362937901.0
2018-12-01,ADPEP,7175342047.0
2019-01-01,ADPEP,7604096982.0
2019-02-01,ADPEP,6317762263.0
2019-03-01,ADPEP,7948265053.0
2019-04-01,ADPEP,7934435152.0
2019-05-01,ADPEP,7573950897.0
2019-06-01,ADPEP,8350736137.0
2019-07-01,ADPEP,9237345723.0
2019-08-01,ADPEP,9287457098.0
2019-09-01,ADPEP,9313867259.0
2019-10-01,ADPEP,9260377713.0
2019-11-01,ADPEP,9074070388.0
2019-12-01,ADPEP,9674166721.0
2020-01-01,ADPEP,7657600392.0
2020-02-01,ADPEP,7459867308.0
2020-03-01,ADPEP,8766020822.0
2020-04-01,ADPEP,8454421338.0
2020-05-01,ADPEP,8960865956.0
2020-06-01,ADPEP,8959609320.0
2020-07-01,ADPEP,10606013290.0
2020-08-01,ADPEP,10186252333.0
2020-09-01,ADPEP,10575363726.0
2020-10-01,ADPEP,10365973668.0
2020-11-01,ADPEP,11117284852.0
2020-12-01,ADPEP,13484492431.0
2021-01-01,ADPEP,10843122940.0
2021-02-01,ADPEP,8865930550.0
2021-03-01,ADPEP,11670560343.0
2021-04-01,ADPEP,11650230718.0
2021-05-01,ADPEP,11205747781.0
2021-06-01,ADPEP,11908591390.0
2021-07-01,ADPEP,13325594615.0
2021-08-01,ADPEP,14181871058.0
2021-09-01,ADPEP,14447012121.0
2021-10-01,ADPEP,13627677576.0
2021-11-01,ADPEP,15576427379.0
2021-12-01,ADPEP,16235629391.0
2022-01-01,ADPEP,14138261977.0
2022-02-01,ADPEP,10965504465.0
2022-03-01,ADPEP,13402113597.0
2022-04-01,ADPEP,11852645071.0
2022-05-01,ADPEP,13118661184.0
2022-06-01,ADPEP,13649878143.0
2022-07-01,ADPEP,12641544664.0
2022-08-01,ADPEP,11828855851.0
2022-09-01,ADPEP,14192602749.0
2022-10-01,ADPEP,13368608086.0
2022-11-01,ADPEP,11064128840.0
2022-12-01,ADPEP,13695335710.0
2023-01-01,ADPEP,8784352104.0
2023-02-01,ADPEP,9843555460.0
2005-01-01,Grain,978117000.0
2005-02-01,Grain,841430000.0
2005-03-01,Grain,1140634000.0
2005-04-01,Grain,1243466000.0
2005-05-01,Grain,1239590000.0
2005-06-01,Grain,1430373000.0
2005-07-01,Grain,1318598000.0
2005-08-01,Grain,1404138000.0
2005-09-01,Grain,1389607000.0
2005-10-01,Grain,1387379000.0
2005-11-01,Grain,1562939000.0
2005-12-01,Grain,1492751000.0
2006-01-01,Grain,1524405000.0
2006-02-01,Grain,1302204000.0
2006-03-01,Grain,1795262000.0
2006-04-01,Grain,1787330000.0
2006-05-01,Grain,1680234000.0
2006-06-01,Grain,1830984000.0
2006-07-01,Grain,1807586000.0
2006-08-01,Grain,2051228000.0
2006-09-01,Grain,2039544000.0
2006-10-01,Grain,1910744000.0
2006-11-01,Grain,2084778000.0
2006-12-01,Grain,2122709000.0
2007-01-01,Grain,2233846000.0
2007-02-01,Grain,2188128000.0
2007-03-01,Grain,2035134000.0
2007-04-01,Grain,2518878000.0
2007-05-01,Grain,2512031000.0
2007-06-01,Grain,2703700000.0
2007-07-01,Grain,2871326000.0
2007-08-01,Grain,3159462000.0
2007-09-01,Grain,3076809000.0
2007-10-01,Grain,2958010000.0
2007-11-01,Grain,3502721000.0
2007-12-01,Grain,3601372000.0
2008-01-01,Grain,3311499000.0
2008-02-01,Grain,2733374000.0
2008-03-01,Grain,3404387000.0
2008-04-01,Grain,3549349000.0
2008-05-01,Grain,3718198000.0
2008-06-01,Grain,3530056000.0
2008-07-01,Grain,3800320000.0
2008-08-01,Grain,3757450000.0
2008-09-01,Grain,3612095000.0
2008-10-01,Grain,3386148000.0
2008-11-01,Grain,2940511000.0
2008-12-01,Grain,2703632000.0
2009-01-01,Grain,2144271000.0
2009-02-01,Grain,1376298000.0
2009-03-01,Grain,2106758000.0
2009-04-01,Grain,2212260000.0
2009-05-01,Grain,2321164000.0
2009-06-01,Grain,2449769000.0
2009-07-01,Grain,2727801000.0
2009-08-01,Grain,2720593000.0
2009-09-01,Grain,2945632000.0
2009-10-01,Grain,2805448000.0
2009-11-01,Grain,3003522000.0
2009-12-01,Grain,3360759000.0
2010-01-01,Grain,2953543297.0
2010-02-01,Grain,2458378537.0
2010-03-01,Grain,3101470605.0
2010-04-01,Grain,3230697353.0
2010-05-01,Grain,3518161912.0
2010-06-01,Grain,3792675793.0
2010-07-01,Grain,3874723488.0
2010-08-01,Grain,3697945758.0
2010-09-01,Grain,3815888514.0
2010-10-01,Grain,3571328252.0
2010-11-01,Grain,4190842987.0
2010-12-01,Grain,4193635493.0
2011-01-01,Grain,4262374411.0
2011-02-01,Grain,2689242669.0
2011-03-01,Grain,4507702312.0
2011-04-01,Grain,4349663905.0
2011-05-01,Grain,4424548735.0
2011-06-01,Grain,4686536668.0
2011-07-01,Grain,5229464663.0
2011-08-01,Grain,5345027140.0
2011-09-01,Grain,5302880376.0
2011-10-01,Grain,4924604501.0
2011-11-01,Grain,5203209826.0
2011-12-01,Grain,5337091720.0
2012-01-01,Grain,4906880591.0
2012-02-01,Grain,3700997926.0
2012-03-01,Grain,5220738317.0
2012-04-01,Grain,5164093956.0
2012-05-01,Grain,5832728105.0
2012-06-01,Grain,5702819963.0
2012-07-01,Grain,5669285780.0
2012-08-01,Grain,5768549309.0
2012-09-01,Grain,5703310014.0
2012-10-01,Grain,5028212991.0
2012-11-01,Grain,5346116933.0
2012-12-01,Grain,5661954304.0
2013-01-01,Grain,5503191944.0
2013-02-01,Grain,4093428193.0
2013-03-01,Grain,5245265826.0
2013-04-01,Grain,5283604789.0
2013-05-01,Grain,5761751272.0
2013-06-01,Grain,5581757679.0
2013-07-01,Grain,6044577613.0
2013-08-01,Grain,5951330350.0
2013-09-01,Grain,5644212969.0
2013-10-01,Grain,5388034205.0
2013-11-01,Grain,6031409110.0
2013-12-01,Grain,6096530814.0
2014-01-01,Grain,6561149363.0
2014-02-01,Grain,3654545895.0
2014-03-01,Grain,5546131033.0
2014-04-01,Grain,6116127247.0
2014-05-01,Grain,6127104646.0
2014-06-01,Grain,5812978961.0
2014-07-01,Grain,6784764742.0
2014-08-01,Grain,6286132420.0
2014-09-01,Grain,6081775801.0
2014-10-01,Grain,5807823163.0
2014-11-01,Grain,5935424762.0
2014-12-01,Grain,6797093004.0
2015-01-01,Grain,6085162191.0
2015-02-01,Grain,5263466676.0
2015-03-01,Grain,4607771206.0
2015-04-01,Grain,5785160362.0
2015-05-01,Grain,6053460932.0
2015-06-01,Grain,5874359722.0
2015-07-01,Grain,5975285495.0
2015-08-01,Grain,5557657188.0
2015-09-01,Grain,5854787272.0
2015-10-01,Grain,5180625367.0
2015-11-01,Grain,5143003225.0
2015-12-01,Grain,5972892849.0
2016-01-01,Grain,5017302257.0
2016-02-01,Grain,4207339309.0
2016-03-01,Grain,5114203352.0
2016-04-01,Grain,5257984799.0
2016-05-01,Grain,5850832133.0
2016-06-01,Grain,5455598594.0
2016-07-01,Grain,5667359867.0
2016-08-01,Grain,6100961502.0
2016-09-01,Grain,5506748312.0
2016-10-01,Grain,5078624074.0
2016-11-01,Grain,5822098151.0
2016-12-01,Grain,5799046555.0
2017-01-01,Grain,5646400020.0
2017-02-01,Grain,3836377827.0
2017-03-01,Grain,5594357462.0
2017-04-01,Grain,5715934027.0
2017-05-01,Grain,6219220143.0
2017-06-01,Grain,6182457570.0
2017-07-01,Grain,5956642340.0
2017-08-01,Grain,6287067326.0
2017-09-01,Grain,6057426744.0
2017-10-01,Grain,5808591652.0
2017-11-01,Grain,6428497263.0
2017-12-01,Grain,6780757479.0
2018-01-01,Grain,5950842112.0
2018-02-01,Grain,5690326774.0
2018-03-01,Grain,5667178558.0
2018-04-01,Grain,6544285479.0
2018-05-01,Grain,6848820052.0
2018-06-01,Grain,6903413213.0
2018-07-01,Grain,6899490408.0
2018-08-01,Grain,6802398835.0
2018-09-01,Grain,6689631502.0
2018-10-01,Grain,6158226588.0
2018-11-01,Grain,6510879055.0
2018-12-01,Grain,6494117333.0
2019-01-01,Grain,6540908934.0
2019-02-01,Grain,4290843119.0
2019-03-01,Grain,6402461353.0
2019-04-01,Grain,5828793531.0
2019-05-01,Grain,6650411855.0
2019-06-01,Grain,6643128642.0
2019-07-01,Grain,6942397175.0
2019-08-01,Grain,6370337071.0
2019-09-01,Grain,6504694283.0
2019-10-01,Grain,5981070623.0
2019-11-01,Grain,6028310299.0
2019-12-01,Grain,6871748148.0
2020-01-01,Grain,6805592871.0
2020-02-01,Grain,2798027929.0
2020-03-01,Grain,5811502107.0
2020-04-01,Grain,5244024038.0
2020-05-01,Grain,4480692386.0
2020-06-01,Grain,4866415400.0
2020-07-01,Grain,5822154164.0
2020-08-01,Grain,6237832114.0
2020-09-01,Grain,6904533746.0
2020-10-01,Grain,6858010261.0
2020-11-01,Grain,7631191554.0
2020-12-01,Grain,7538187730.0
2021-01-01,Grain,8310324670.0
2021-02-01,Grain,7415959716.0
2021-03-01,Grain,7921595053.0
2021-04-01,Grain,8426517320.0
2021-05-01,Grain,8589578706.0
2021-06-01,Grain,9208645347.0
2021-07-01,Grain,8940097913.0
2021-08-01,Grain,10168351349.0
2021-09-01,Grain,9139376768.0
2021-10-01,Grain,9916945212.0
2021-11-01,Grain,10221510382.0
2021-12-01,Grain,10069031501.0
2022-01-01,Grain,11829647850.0
2022-02-01,Grain,9089976452.0
2022-03-01,Grain,9647290255.0
2022-04-01,Grain,8782382218.0
2022-05-01,Grain,10789516859.0
2022-06-01,Grain,10881691420.0
2022-07-01,Grain,12630967708.0
2022-08-01,Grain,13480953379.0
2022-09-01,Grain,13167198536.0
2022-10-01,Grain,13692981428.0
2022-11-01,Grain,14403441132.0
2022-12-01,Grain,12849066211.0
2023-01-01,Grain,14690504716.0
2023-02-01,Grain,12263269682.0
2005-01-01,IC,25825936000.0
2005-02-01,IC,23043229000.0
2005-03-01,IC,31329286000.0
2005-04-01,IC,32236463000.0
2005-05-01,IC,30424599000.0
2005-06-01,IC,34358885000.0
2005-07-01,IC,33956125000.0
2005-08-01,IC,35302503000.0
2005-09-01,IC,36252585000.0
2005-10-01,IC,35550662000.0
2005-11-01,IC,37473005000.0
2005-12-01,IC,39617640000.0
2006-01-01,IC,33966387000.0
2006-02-01,IC,28679121000.0
2006-03-01,IC,41510871000.0
2006-04-01,IC,40861557000.0
2006-05-01,IC,38875976000.0
2006-06-01,IC,43046811000.0
2006-07-01,IC,42054586000.0
2006-08-01,IC,48257579000.0
2006-09-01,IC,49041201000.0
2006-10-01,IC,46789891000.0
2006-11-01,IC,49742510000.0
2006-12-01,IC,49033816000.0
2007-01-01,IC,44469275000.0
2007-02-01,IC,41882546000.0
2007-03-01,IC,42864858000.0
2007-04-01,IC,50329521000.0
2007-05-01,IC,49069310000.0
2007-06-01,IC,52474869000.0
2007-07-01,IC,55411795000.0
2007-08-01,IC,56502298000.0
2007-09-01,IC,56432093000.0
2007-10-01,IC,54116766000.0
2007-11-01,IC,59599795000.0
2007-12-01,IC,58995522000.0
2008-01-01,IC,58020581000.0
2008-02-01,IC,46145088000.0
2008-03-01,IC,58671230000.0
2008-04-01,IC,64116278000.0
2008-05-01,IC,65371735000.0
2008-06-01,IC,65205288000.0
2008-07-01,IC,71472215000.0
2008-08-01,IC,69833385000.0
2008-09-01,IC,70369067000.0
2008-10-01,IC,65727545000.0
2008-11-01,IC,59456996000.0
2008-12-01,IC,58042421000.0
2009-01-01,IC,47839709000.0
2009-02-01,IC,35197832000.0
2009-03-01,IC,47719839000.0
2009-04-01,IC,48849101000.0
2009-05-01,IC,47533867000.0
2009-06-01,IC,49837418000.0
2009-07-01,IC,54655426000.0
2009-08-01,IC,54430828000.0
2009-09-01,IC,60351683000.0
2009-10-01,IC,56035503000.0
2009-11-01,IC,58358424000.0
2009-12-01,IC,67701489000.0
2010-01-01,IC,56718332969.0
2010-02-01,IC,49691698873.0
2010-03-01,IC,60015350790.0
2010-04-01,IC,63119110517.0
2010-05-01,IC,69583079132.0
2010-06-01,IC,70688342569.0
2010-07-01,IC,76414256424.0
2010-08-01,IC,74674982653.0
2010-09-01,IC,77008385154.0
2010-10-01,IC,71288949763.0
2010-11-01,IC,83274007959.0
2010-12-01,IC,82094498361.0
2011-01-01,IC,82137374167.0
2011-02-01,IC,54157516602.0
2011-03-01,IC,84306236896.0
2011-04-01,IC,84723440572.0
2011-05-01,IC,85562797887.0
2011-06-01,IC,86641393287.0
2011-07-01,IC,93514910864.0
2011-08-01,IC,92086653173.0
2011-09-01,IC,91191996262.0
2011-10-01,IC,84606961463.0
2011-11-01,IC,96349940878.0
2011-12-01,IC,95294512676.0
2012-01-01,IC,81549642962.0
2012-02-01,IC,63867739749.0
2012-03-01,IC,90565132178.0
2012-04-01,IC,89589118177.0
2012-05-01,IC,99563399241.0
2012-06-01,IC,96300362593.0
2012-07-01,IC,95126592290.0
2012-08-01,IC,95587205805.0
2012-09-01,IC,99147165854.0
2012-10-01,IC,92168392530.0
2012-11-01,IC,95353166251.0
2012-12-01,IC,105532790117.0
2013-01-01,IC,100022253267.0
2013-02-01,IC,73552059027.0
2013-03-01,IC,96281598882.0
2013-04-01,IC,97064758982.0
2013-05-01,IC,98616172094.0
2013-06-01,IC,92907138187.0
2013-07-01,IC,97433448605.0
2013-08-01,IC,100388454657.0
2013-09-01,IC,99740232447.0
2013-10-01,IC,98602178689.0
2013-11-01,IC,108638230091.0
2013-12-01,IC,111447832057.0
2014-01-01,IC,112849730716.0
2014-02-01,IC,61811588956.0
2014-03-01,IC,92435598412.0
2014-04-01,IC,101277312837.0
2014-05-01,IC,105110069148.0
2014-06-01,IC,99822691795.0
2014-07-01,IC,113449097678.0
2014-08-01,IC,110846565244.0
2014-09-01,IC,119804870813.0
2014-10-01,IC,112262492533.0
2014-11-01,IC,116521287810.0
2014-12-01,IC,127596580352.0
2015-01-01,IC,111492365853.0
2015-02-01,IC,94843902581.0
2015-03-01,IC,81509257912.0
2015-04-01,IC,98499932232.0
2015-05-01,IC,104341172615.0
2015-06-01,IC,103683472998.0
2015-07-01,IC,105819775515.0
2015-08-01,IC,106230842722.0
2015-09-01,IC,113251918619.0
2015-10-01,IC,107747126869.0
2015-11-01,IC,110298921336.0
2015-12-01,IC,124567280720.0
2016-01-01,IC,95235807450.0
2016-02-01,IC,67303091080.0
2016-03-01,IC,86701922719.0
2016-04-01,IC,93600621042.0
2016-05-01,IC,97432450359.0
2016-06-01,IC,95600622831.0
2016-07-01,IC,98178816724.0
2016-08-01,IC,102494860883.0
2016-09-01,IC,102075140304.0
2016-10-01,IC,98451740799.0
2016-11-01,IC,107564682774.0
2016-12-01,IC,118403462921.0
2017-01-01,IC,100257704114.0
2017-02-01,IC,65900394692.0
2017-03-01,IC,98753410569.0
2017-04-01,IC,97518166809.0
2017-05-01,IC,103929316785.0
2017-06-01,IC,105491570613.0
2017-07-01,IC,103060682198.0
2017-08-01,IC,106183805103.0
2017-09-01,IC,109027078769.0
2017-10-01,IC,103692604566.0
2017-11-01,IC,119991985689.0
2017-12-01,IC,130792688472.0
2018-01-01,IC,112020470654.0
2018-02-01,IC,93880046653.0
2018-03-01,IC,94588074035.0
2018-04-01,IC,108225672037.0
2018-05-01,IC,115276962818.0
2018-06-01,IC,116927197576.0
2018-07-01,IC,115357839931.0
2018-08-01,IC,116593264057.0
2018-09-01,IC,123777907838.0
2018-10-01,IC,119411037652.0
2018-11-01,IC,124558808497.0
2018-12-01,IC,121992175282.0
2019-01-01,IC,120177935543.0
2019-02-01,IC,74479258016.0
2019-03-01,IC,109398461031.0
2019-04-01,IC,106210143083.0
2019-05-01,IC,118744284929.0
2019-06-01,IC,115644902658.0
2019-07-01,IC,120610993436.0
2019-08-01,IC,118677491775.0
2019-09-01,IC,122546960480.0
2019-10-01,IC,118177670271.0
2019-11-01,IC,123893490875.0
2019-12-01,IC,134401379710.0
2020-01-01,IC,117494388828.0
2020-02-01,IC,41932713591.0
2020-03-01,IC,102115267638.0
2020-04-01,IC,104660323116.0
2020-05-01,IC,105976850669.0
2020-06-01,IC,112697700916.0
2020-07-01,IC,125823845787.0
2020-08-01,IC,124396075865.0
2020-09-01,IC,128372480966.0
2020-10-01,IC,129700677690.0
2020-11-01,IC,152148336143.0
2020-12-01,IC,158676502722.0
2021-01-01,IC,147300971711.0
2021-02-01,IC,113732793381.0
2021-03-01,IC,133237543020.0
2021-04-01,IC,146946610625.0
2021-05-01,IC,148480169939.0
2021-06-01,IC,156196442387.0
2021-07-01,IC,155959877055.0
2021-08-01,IC,162127270694.0
2021-09-01,IC,172707111804.0
2021-10-01,IC,167187382517.0
2021-11-01,IC,183875187681.0
2021-12-01,IC,193226840389.0
2022-01-01,IC,180919603041.0
2022-02-01,IC,118871896612.0
2022-03-01,IC,150663886858.0
2022-04-01,IC,149443440772.0
2022-05-01,IC,169696449921.0
2022-06-01,IC,182335205023.0
2022-07-01,IC,182723880230.0
2022-08-01,IC,171424085157.0
2022-09-01,IC,180736795327.0
2022-10-01,IC,165182860881.0
2022-11-01,IC,161964505565.0
2022-12-01,IC,168965646042.0
2023-01-01,IC,162805140202.0
2023-02-01,IC,115813641571.0
2005-01-01,Auto,8086074000.0
2005-02-01,Auto,6171867000.0
2005-03-01,Auto,7716131000.0
2005-04-01,Auto,8702204000.0
2005-05-01,Auto,8448320000.0
2005-06-01,Auto,10294319000.0
2005-07-01,Auto,10965363000.0
2005-08-01,Auto,11569844000.0
2005-09-01,Auto,11508124000.0
2005-10-01,Auto,9909172000.0
2005-11-01,Auto,9569990000.0
2005-12-01,Auto,10051472000.0
2006-01-01,Auto,10051345000.0
2006-02-01,Auto,6426867000.0
2006-03-01,Auto,10339828000.0
2006-04-01,Auto,10928309000.0
2006-05-01,Auto,10962189000.0
2006-06-01,Auto,12792527000.0
2006-07-01,Auto,13317698000.0
2006-08-01,Auto,14902708000.0
2006-09-01,Auto,13916436000.0
2006-10-01,Auto,12129791000.0
2006-11-01,Auto,12510825000.0
2006-12-01,Auto,13142432000.0
2007-01-01,Auto,11902181000.0
2007-02-01,Auto,11016096000.0
2007-03-01,Auto,7792183000.0
2007-04-01,Auto,12589466000.0
2007-05-01,Auto,12925819000.0
2007-06-01,Auto,15960896000.0
2007-07-01,Auto,17078306000.0
2007-08-01,Auto,17773177000.0
2007-09-01,Auto,17378685000.0
2007-10-01,Auto,14632121000.0
2007-11-01,Auto,14773746000.0
2007-12-01,Auto,14335588000.0
2008-01-01,Auto,15047304000.0
2008-02-01,Auto,10047992000.0
2008-03-01,Auto,11540433000.0
2008-04-01,Auto,13975191000.0
2008-05-01,Auto,14142231000.0
2008-06-01,Auto,15209972000.0
2008-07-01,Auto,18325983000.0
2008-08-01,Auto,18235923000.0
2008-09-01,Auto,17661990000.0
2008-10-01,Auto,16443982000.0
2008-11-01,Auto,15170492000.0
2008-12-01,Auto,15798997000.0
2009-01-01,Auto,14952709000.0
2009-02-01,Auto,6523402000.0
2009-03-01,Auto,11936607000.0
2009-04-01,Auto,12277412000.0
2009-05-01,Auto,12089476000.0
2009-06-01,Auto,13756612000.0
2009-07-01,Auto,16071039000.0
2009-08-01,Auto,15390923000.0
2009-09-01,Auto,16430809000.0
2009-10-01,Auto,14395971000.0
2009-11-01,Auto,13724848000.0
2009-12-01,Auto,16510172000.0
2010-01-01,Auto,15345217345.0
2010-02-01,Auto,12401237352.0
2010-03-01,Auto,10755780988.0
2010-04-01,Auto,14274915128.0
2010-05-01,Auto,16118530818.0
2010-06-01,Auto,18321624954.0
2010-07-01,Auto,20385200915.0
2010-08-01,Auto,19701002910.0
2010-09-01,Auto,19600108887.0
2010-10-01,Auto,17471099483.0
2010-11-01,Auto,18691858200.0
2010-12-01,Auto,19584214062.0
2011-01-01,Auto,21243997457.0
2011-02-01,Auto,10219015060.0
2011-03-01,Auto,16232917244.0
2011-04-01,Auto,19512723419.0
2011-05-01,Auto,19973297572.0
2011-06-01,Auto,22480134819.0
2011-07-01,Auto,25486794848.0
2011-08-01,Auto,24890718338.0
2011-09-01,Auto,22462565535.0
2011-10-01,Auto,19242233083.0
2011-11-01,Auto,19989879682.0
2011-12-01,Auto,21331981784.0
2012-01-01,Auto,21093622815.0
2012-02-01,Auto,9464257712.0
2012-03-01,Auto,18379832555.0
2012-04-01,Auto,18401871392.0
2012-05-01,Auto,21398125506.0
2012-06-01,Auto,22437951290.0
2012-07-01,Auto,23356778491.0
2012-08-01,Auto,24034414603.0
2012-09-01,Auto,24573128659.0
2012-10-01,Auto,22310306382.0
2012-11-01,Auto,20573459995.0
2012-12-01,Auto,23634456598.0
2013-01-01,Auto,24211610874.0
2013-02-01,Auto,16122894901.0
2013-03-01,Auto,16306842594.0
2013-04-01,Auto,21814238656.0
2013-05-01,Auto,22466580495.0
2013-06-01,Auto,23574096439.0
2013-07-01,Auto,27102615582.0
2013-08-01,Auto,27435049541.0
2013-09-01,Auto,26054981880.0
2013-10-01,Auto,23614544544.0
2013-11-01,Auto,24013530240.0
2013-12-01,Auto,25539194231.0
2014-01-01,Auto,28092707876.0
2014-02-01,Auto,10603847559.0
2014-03-01,Auto,18237849941.0
2014-04-01,Auto,23289546042.0
2014-05-01,Auto,24512917121.0
2014-06-01,Auto,25149819558.0
2014-07-01,Auto,29718761212.0
2014-08-01,Auto,29860095681.0
2014-09-01,Auto,27947398665.0
2014-10-01,Auto,26013417743.0
2014-11-01,Auto,23871876771.0
2014-12-01,Auto,25155866956.0
2015-01-01,Auto,24978844621.0
2015-02-01,Auto,21182061993.0
2015-03-01,Auto,12248942535.0
2015-04-01,Auto,19405710631.0
2015-05-01,Auto,22883589433.0
2015-06-01,Auto,24809104199.0
2015-07-01,Auto,26632851799.0
2015-08-01,Auto,28161314676.0
2015-09-01,Auto,26267048746.0
2015-10-01,Auto,23143487758.0
2015-11-01,Auto,21538794577.0
2015-12-01,Auto,26285255984.0
2016-01-01,Auto,23130129724.0
2016-02-01,Auto,14943302234.0
2016-03-01,Auto,16046263889.0
2016-04-01,Auto,20053534669.0
2016-05-01,Auto,22678084854.0
2016-06-01,Auto,23122471018.0
2016-07-01,Auto,24534848895.0
2016-08-01,Auto,27298009672.0
2016-09-01,Auto,22085916743.0
2016-10-01,Auto,20978259232.0
2016-11-01,Auto,20938466408.0
2016-12-01,Auto,22928070623.0
2017-01-01,Auto,23258691248.0
2017-02-01,Auto,10628155357.0
2017-03-01,Auto,19446305731.0
2017-04-01,Auto,20981013191.0
2017-05-01,Auto,22780547572.0
2017-06-01,Auto,23738855379.0
2017-07-01,Auto,24756804286.0
2017-08-01,Auto,25450811144.0
2017-09-01,Auto,23186572495.0
2017-10-01,Auto,21219879862.0
2017-11-01,Auto,22583251203.0
2017-12-01,Auto,23470538015.0
2018-01-01,Auto,22456550333.0
2018-02-01,Auto,19737113399.0
2018-03-01,Auto,13823958314.0
2018-04-01,Auto,20861225551.0
2018-05-01,Auto,22708637581.0
2018-06-01,Auto,24850309570.0
2018-07-01,Auto,26228918222.0
2018-08-01,Auto,26316889522.0
2018-09-01,Auto,25914258409.0
2018-10-01,Auto,22607268574.0
2018-11-01,Auto,22348150371.0
2018-12-01,Auto,22565179006.0
2019-01-01,Auto,24545065485.0
2019-02-01,Auto,12711552575.0
2019-03-01,Auto,17718272055.0
2019-04-01,Auto,18988517850.0
2019-05-01,Auto,23295941798.0
2019-06-01,Auto,24024617835.0
2019-07-01,Auto,26836540515.0
2019-08-01,Auto,25067749563.0
2019-09-01,Auto,23934050839.0
2019-10-01,Auto,22364929447.0
2019-11-01,Auto,21574163139.0
2019-12-01,Auto,24432084788.0
2020-01-01,Auto,24935359559.0
2020-02-01,Auto,4847151261.0
2020-03-01,Auto,15404478916.0
2020-04-01,Auto,21303694473.0
2020-05-01,Auto,29517519638.0
2020-06-01,Auto,28947372105.0
2020-07-01,Auto,31224777006.0
2020-08-01,Auto,30859369853.0
2020-09-01,Auto,28307588902.0
2020-10-01,Auto,24794162354.0
2020-11-01,Auto,24516648104.0
2020-12-01,Auto,26178848632.0
2021-01-01,Auto,26560003996.0
2021-02-01,Auto,19527753832.0
2021-03-01,Auto,18868455819.0
2021-04-01,Auto,23201101110.0
2021-05-01,Auto,24252428756.0
2021-06-01,Auto,27613082477.0
2021-07-01,Auto,28160253113.0
2021-08-01,Auto,30012424199.0
2021-09-01,Auto,29004007838.0
2021-10-01,Auto,28834901970.0
2021-11-01,Auto,28510888223.0
2021-12-01,Auto,30137501779.0
2022-01-01,Auto,32338809358.0
2022-02-01,Auto,17737298060.0
2022-03-01,Auto,21974918003.0
2022-04-01,Auto,23519064078.0
2022-05-01,Auto,29132765840.0
2022-06-01,Auto,31458409677.0
2022-07-01,Auto,33123356621.0
2022-08-01,Auto,30931820018.0
2022-09-01,Auto,27951642445.0
2022-10-01,Auto,25007853918.0
2022-11-01,Auto,24424035265.0
2022-12-01,Auto,25271210805.0
2023-01-01,Auto,26317352566.0
2023-02-01,Auto,14489439413.0
