date,Agricultural Products,Bags and Similar Containers,Ceramic Products Export,Footwear Export,"Pulp, Paper and Paper Products Export",Equipment and Electromechanical Exports,Chemicals Export,Measuring Instruments Export,Apparel and Clothing Accessories,Steel Products,Furniture and Parts,Electrical Equipment,Electrical Appliances,Automobiles and Spare Parts,Others,Refined Oil Products,Plastic Products,Textiles
01/2005,2125030000,516481000,362154000,1466848000,243487000,7110000000.0,686969000,338000000,5202572000,943843000,1019993000,1269928000,2426033000,978117000,25037627000.0,409750000,966229000,2883502000
02/2005,1524558000,407128000,272404000,1141478000,194868000,6900000000.0,587877000,340000000,3923611000,942162000,805707000,1051249000,2287386000,841430000,22358396000.0,294995000,791743000,2248256000
03/2005,2324183000,528311000,348525000,1355621000,296574000,9560000000.0,793092000,419000000,4568028000,1358787000,1077127000,1546873000,3632319000,1140634000,30941647000.0,642716000,1102122000,3148103000
04/2005,2260100000,643213000,392237000,1424051000,320967000,8860000000.0,787009000,462000000,5162109000,1306885000,1098612000,1574404000,3554366000,1243466000,32029323000.0,605729000,1192044000,3540095000
05/2005,2149429000,656754000,393655000,1390039000,323180000,8010000000.0,815582000,408000000,5007695000,1358037000,988619000,1442812000,3087188000,1239590000,30256090000.0,669563000,1126180000,3440625000
06/2005,2473752000,692939000,446048000,1690538000,366069000,8930000000.0,814362000,491000000,6589651000,1401384000,1056266000,1598368000,3241734000,1430373000,33759501000.0,528363000,1225306000,3704668000
07/2005,2289887000,644042000,482161000,1778498000,386727000,8840000000.0,769414000,464000000,7459339000,1058538000,991413000,1653773000,3251939000,1318598000,33189186000.0,600576000,1198148000,3506024000
08/2005,2189016000,657695000,492943000,1820059000,378189000,9490000000.0,740691000,506000000,7798070000,914026000,1003979000,1752795000,3318380000,1404138000,34920625000.0,812964000,1267812000,3771774000
09/2005,2211543000,649364000,468905000,1664790000,375539000,10300000000.0,728480000,548000000,7742101000,889845000,1023381000,1819706000,3607363000,1389607000,35752951000.0,546308000,1278296000,3766023000
10/2005,2232240000,632459000,453568000,1410648000,355291000,10500000000.0,705532000,514000000,6439723000,865600000,1104459000,1778930000,3811121000,1387379000,34785986000.0,295631000,1234769000,3469449000
11/2005,2581809000,621632000,440437000,1469299000,363893000,11600000000.0,813531000,538000000,6056415000,964054000,1228309000,2008428000,4194010000,1562939000,36569961000.0,479771000,1301867000,3513575000
12/2005,2810564000,660481000,484268000,1821851000,359418000,11700000000.0,919019000,539000000,6507387000,1074992000,1329162000,2061841000,4133559000,1492751000,38281474000.0,525105000,1368214000,3544085000
01/2006,2502736000,665394000,460710000,1870553000,337142000,8500000000.0,827369000,474000000,6514283000,1032940000,1366393000,1657476000,3407522000,1524405000,32831892000.0,449872000,1303659000,3537062000
02/2006,1656556000,401686000,268402000,1153828000,266086000,8890000000.0,734670000,418000000,4044430000,1066297000,914027000,1442263000,2812827000,1302204000,28062373000.0,593061000,952952000,2382437000
03/2006,2604899000,684235000,443754000,1687792000,409532000,11500000000.0,1013429000,561000000,6279406000,1529264000,1477881000,2050976000,4030442000,1795262000,40840845000.0,570151000,1442619000,4060422000
04/2006,2487569000,763377000,482347000,1703957000,429075000,10500000000.0,938147000,580000000,6671342000,1483198000,1446743000,2078765000,3959090000,1787330000,40449098000.0,562961000,1484487000,4256967000
05/2006,2361565000,767808000,472962000,1598336000,422875000,9170000000.0,907239000,567000000,6878185000,1888416000,1316244000,1950247000,3599320000,1680234000,38461052000.0,630586000,1398123000,4084004000
06/2006,2442233000,773219000,537378000,1835269000,462761000,10800000000.0,955531000,630000000,8503192000,2474336000,1315491000,2131088000,3293737000,1830984000,42255533000.0,539617000,1460126000,4289335000
07/2006,2460544000,759929000,549292000,1945833000,477467000,10700000000.0,929227000,585000000,9311475000,2195263000,1231429000,2106162000,3185596000,1807586000,40986414000.0,592984000,1450574000,4006223000
08/2006,2628378000,812770000,634681000,2082320000,531408000,11700000000.0,1091495000,666000000,10407415000,2493613000,1328584000,2381034000,3629159000,2051228000,47157925000.0,668370000,1596345000,4495293000
09/2006,2659678000,784376000,603642000,1960433000,529740000,12300000000.0,993788000,681000000,9644712000,2667549000,1309604000,2444486000,4031157000,2039544000,47806327000.0,547877000,1553213000,4271724000
10/2006,2726167000,769604000,552148000,1613822000,544900000,12500000000.0,1004432000,663000000,8052685000,2834602000,1365614000,2372175000,4365390000,1910744000,45632943000.0,529689000,1451046000,4077106000
11/2006,3237074000,743153000,596047000,1623627000,537466000,15100000000.0,1054573000,718000000,8376332000,3048685000,1528936000,2580056000,4753794000,2084778000,48479606000.0,747410000,1502320000,4134493000
12/2006,3221060000,777552000,689899000,1938822000,506950000,13800000000.0,1173911000,726000000,8772651000,3515488000,1596681000,2552774000,3815458000,2122709000,47496661000.0,615608000,1524589000,4369781000
01/2007,3099213000,842914000,493692000,2173926000,486680000,11800000000.0,1216572000,709000000,7973573000,2891589000,1760650000,2653849000,4722505000,2233846000,42288009000.0,507394000,1563504000,3928608000
02/2007,2709031000,777252000,448870000,1925118000,458386000,11200000000.0,1114477000,666000000,7268380000,2941623000,1579308000,2405369000,4801008000,2188128000,40459894000.0,736687000,1400594000,3747716000
03/2007,2632319000,547197000,358671000,1351565000,495827000,14200000000.0,1162659000,604000000,4567574000,3388840000,1305932000,2485009000,5593387000,2035134000,41699898000.0,771038000,1275402000,3224609000
04/2007,3020428000,874014000,514819000,1816018000,571411000,12000000000.0,1411510000,808000000,7825550000,4578302000,1700657000,2957003000,6225209000,2518878000,49417812000.0,771517000,1699893000,4763916000
05/2007,2805463000,928177000,531835000,1900253000,570994000,10800000000.0,1335410000,767000000,8345556000,4182507000,1609968000,2884521000,5896773000,2512031000,47855295000.0,710198000,1651078000,4580263000
06/2007,2951886000,1001524000,611918000,2293130000,649559000,12600000000.0,1552815000,811000000,11453432000,4395038000,1623521000,3048128000,5830593000,2703700000,50600000000.0,869969000,1783244000,4507464000
07/2007,2972121000,997340000,619147000,2426624000,660396000,12700000000.0,1692148000,894000000,11959578000,4299813000,1713778000,3331037000,6020193000,2871326000,53400000000.0,649914000,1753198000,5118728000
08/2007,2904349000,998789000,626953000,2381607000,702257000,13800000000.0,1480080000,921000000,12455408000,3948517000,1770896000,3576755000,6543543000,3159462000,55000000000.0,803685000,1689929000,5317769000
09/2007,2780826000,966193000,603652000,2088596000,665948000,15200000000.0,1462493000,992000000,12262034000,3380595000,1691402000,3676738000,7448030000,3076809000,55000000000.0,911228000,1596868000,5116651000
10/2007,2914161000,923991000,581475000,1747292000,631676000,15300000000.0,1539282000,909000000,9870699000,3138694000,1768430000,3492348000,8241154000,2958010000,52500000000.0,715495000,1552362000,4761422000
11/2007,3725753000,966907000,602760000,1893940000,656803000,16600000000.0,1931886000,1020000000,9682295000,3216689000,2054199000,3849104000,8994989000,3502721000,57400000000.0,844017000,1667579000,5091451000
12/2007,4055066000,985466000,647159000,2138050000,640797000,15400000000.0,2176200000,1030000000,9473768000,3765705000,2149464000,3756505000,7017089000,3601372000,56000000000.0,858326000,1691625000,4861820000
01/2008,3641603000,1063688000,626846000,2482768000,620977000,12700000000.0,2251715000,965000000,9749380000,3488030000,2351521000,3614600000,5943887000,3311499000,55300000000.0,845298000,1727606000,5297924000
02/2008,2595778000,709467000,401908000,1684660000,492535000,12500000000.0,1818861000,765000000,6353317000,2754515000,1525597000,2787840000,5031286000,2733374000,44142978000.0,922736000,1184835000,3694675000
03/2008,3010636000,878099000,535441000,1799003000,639014000,14700000000.0,2410371000,950000000,6605293000,3678380000,1974957000,3691043000,6908718000,3404387000,56600000000.0,903167000,1597413000,4935140000
04/2008,3431228000,1151897000,643282000,2038565000,651943000,14200000000.0,2505396000,1060000000,8104772000,4434967000,2197241000,3963296000,7271442000,3549349000,62100000000.0,951929000,1796272000,5870419000
05/2008,3361488000,1272654000,703980000,2219136000,659055000,13400000000.0,2742973000,1090000000,8413872000,5470160000,1972345000,4040745000,7239491000,3718198000,62900000000.0,1225312000,1757826000,5728359000
06/2008,3274274000,1210237000,663980000,2548980000,641497000,14100000000.0,2605254000,1040000000,9676685000,5440229000,1919395000,3946377000,6801407000,3530056000,62500000000.0,1217005000,1697771000,5533287000
07/2008,3621616000,1264643000,788127000,2916453000,700619000,16000000000.0,2596120000,1190000000,12292134000,7832770000,1942479000,4401696000,7177874000,3800320000,68700000000.0,1499929000,1848708000,6033849000
08/2008,3310152000,1227074000,782494000,2734050000,730639000,15800000000.0,1944412000,1150000000,12299454000,8792379000,1842193000,4238719000,7140512000,3757450000,67800000000.0,1290742000,1883706000,5936469000
09/2008,3394993000,1231682000,754754000,2532576000,715965000,16600000000.0,1837120000,1250000000,11829148000,7937697000,1858163000,4425628000,8638543000,3612095000,68400000000.0,1328665000,1868462000,5832842000
10/2008,3297696000,1209654000,685601000,2220486000,690909000,17200000000.0,1672380000,1090000000,10991825000,5811009000,1939873000,4039665000,8607839000,3386148000,64100000000.0,1290757000,1839543000,5452157000
11/2008,3470666000,1268327000,706275000,2166423000,639066000,14900000000.0,1452832000,1080000000,10260183000,3901581000,2251688000,3755356000,7113119000,2940511000,57600000000.0,979980000,2022675000,4910309000
12/2008,3758470000,1454244000,737573000,2706718000,616385000,12800000000.0,1479681000,1080000000,10903488000,3933305000,2489916000,3416050000,5604427000,2703632000,55900000000.0,1204318000,2281451000,4895509000
01/2009,3142994000,1152245000,653469000,2754511000,509649000,9170000000.0,1366117000,895000000,10286839000,2352506000,2209036000,2660263000,4423145000,2144271000,45160113000.0,534335000,1589892000,4665870000
02/2009,2158321000,491834000,345016000,1317524000,382325000,9860000000.0,1354193000,620000000,4009239000,1762129000,1116589000,2099562000,3905151000,1376298000,33086573000.0,628952000,868117000,2514163000
03/2009,3036772000,982297000,549388000,1952580000,563329000,12100000000.0,1482438000,827000000,7264679000,1801911000,2112365000,2825275000,5346041000,2106758000,45905886000.0,581494000,1494005000,4671928000
04/2009,3144842000,1148012000,623276000,1907003000,582801000,11700000000.0,1420487000,900000000,7209397000,1575041000,1972781000,2986124000,5660889000,2212260000,47511672000.0,813682000,1604176000,5068015000
05/2009,3053562000,1100372000,637934000,1961819000,630394000,10600000000.0,1314438000,905000000,7254673000,1344775000,1859805000,2884955000,5702284000,2321164000,45870483000.0,694999000,1572762000,4834803000
06/2009,3235593000,1018382000,634662000,2302391000,652101000,13100000000.0,1458316000,938000000,8889655000,1355225000,1622751000,2943228000,5505623000,2449769000,48034667000.0,1111803000,1531710000,4866957000
07/2009,3257159000,1090266000,722360000,2669618000,732998000,14100000000.0,1656438000,1080000000,10819017000,1597291000,1855375000,3286006000,6103024000,2727801000,52300000000.0,1024493000,1702549000,5252022000
08/2009,3106751000,1049371000,723827000,2510392000,704141000,13400000000.0,1650220000,1030000000,10302808000,1660925000,1788870000,3229775000,6094754000,2720593000,52200000000.0,1257948000,1644986000,5088115000
09/2009,3579209000,1116394000,796082000,2441565000,781728000,15500000000.0,1828275000,1170000000,10846985000,1990754000,1929940000,3674240000,7692531000,2945632000,57900000000.0,1185896000,1789776000,5583824000
10/2009,3302870000,1053178000,669195000,2061451000,663843000,17000000000.0,1570469000,1040000000,9180398000,2106677000,1939878000,3393456000,8056147000,2805448000,54300000000.0,1133775000,1626092000,5215573000
11/2009,3722602000,1107214000,744062000,2019931000,662089000,17000000000.0,1720308000,1120000000,8430801000,2191543000,2294737000,3478895000,7930861000,3003522000,56300000000.0,1293337000,1727986000,5294047000
12/2009,4423895000,1481548000,970844000,2669567000,793723000,18400000000.0,1869061000,1380000000,10363049000,2533019000,2923069000,4222730000,7376821000,3360759000,65700000000.0,2288658000,2225091000,6147123000
01/2010,3831772526,1204761734,814902332,2795617454,681613586,14500000000.0,1801995142,1050000000,9823993625,2223895903,2474096589,3353080006,5539480266,2953543297,54500000000.0,1682149207,1831211346,5521223720
02/2010,2819576011,1007052454,630562637,2226419313,549522252,13300000000.0,1596700850,967000000,7897275526,1933880741,1989347851,2935076876,5221649577,2458378537,47534504484.0,1001277301,1559163701,4503961826
03/2010,3530145862,819370351,642780961,1836510688,706185527,17000000000.0,2127103921,1110000000,5801056292,2568755965,2185052105,3673082746,6959971074,3101470605,58400000000.0,1715869022,1741343815,4954724696
04/2010,3694240952,1220640199,750799986,2283658228,729042420,16300000000.0,1939326899,1150000000,7963177215,3265499773,2524474465,4017437821,7005670835,3230697353,62100000000.0,1650166981,2025845881,6311737913
05/2010,3891087969,1493651847,892279331,2594304800,804627699,17000000000.0,2007532789,1270000000,9245174868,3962234346,2792508227,4391935217,7585134033,3518161912,68400000000.0,1774661108,2272523269,6873355950
06/2010,3874484999,1621462549,934617204,3003988088,855166792,18800000000.0,2205671020,1310000000,11334302273,4712156666,2776540443,4435951033,7406050759,3792675793,68500000000.0,1431688859,2331262095,6987322681
07/2010,4138525036,1756137629,1014358468,3594932170,919769836,18700000000.0,2564580279,1360000000,13303252299,4010904641,2719643766,4723493901,7740601757,3874723488,73000000000.0,1577699569,2455945107,7081948616
08/2010,4015541194,1703331245,1025305999,3488648646,873559343,17100000000.0,2471911572,1380000000,13135297510,2726034082,2485750875,4669810838,7838817938,3697945758,70600000000.0,1322389192,2308614350,6565705400
09/2010,4133434929,1686170688,995723248,3189393401,889278665,19900000000.0,2498404817,1400000000,12898542605,2843389746,2363059324,4788467691,8276874605,3815888514,73100000000.0,1276167943,2310609959,6701566282
10/2010,4027910209,1662376271,958439837,2655740063,820126938,20000000000.0,1977308196,1310000000,11270933984,2718193461,2392022911,4314503151,8159242606,3571328252,67900000000.0,1115143907,2133294174,6200165499
11/2010,5226705074,1873341146,1161600063,2774030695,939101622,20100000000.0,2775710489,1450000000,11713862434,2941017955,3031487996,4832369799,8606078235,4190842987,79000000000.0,1267359386,2511437884,6977995766
12/2010,5625633355,1965676221,1278382275,3223525960,933012093,21100000000.0,3008112841,1510000000,12297696784,2910948429,3277846448,5100689994,7729936126,4193635493,77000000000.0,1213397303,2655548863,7286517278
01/2011,5648910094,1899578272,1108957694,3923935326,916307082,16300000000.0,2633022352,1430000000,13098838096,3192080197,3375372772,4816670973,7001324936,4262374411,78100000000.0,1396052186,2670531996,8145159361
02/2011,2831022783,978385437,603780211,1841476605,589866172,12800000000.0,1804480032,937000000,6260743491,2482795710,1658126764,3127210285,5083150736,2689242669,51624364762.0,1228153961,1429449959,3958271569
03/2011,5054738426,1391423422,899168212,2576656470,948622430,18800000000.0,3098366001,1440000000,8445591354,4738137328,2877186337,4887175519,7652432024,4507702312,82300000000.0,1941579881,2513800838,7787325890
04/2011,5113795737,1810384660,996094037,2887483040,1010920261,18400000000.0,2781012902,1520000000,10851688098,4829201723,3139140058,5076602378,7553361499,4349663905,82800000000.0,1604202225,2708610499,8661035321
05/2011,4903483383,1966062463,1096583080,3031352485,1051600054,18100000000.0,2901627539,1480000000,11457971176,4987731849,2869278591,5155998331,7704419745,4424548735,83600000000.0,2083950996,2751297958,8515326396
06/2011,4651320735,2201450512,1133894059,3665862584,1083525104,19800000000.0,3053956098,1560000000,14233524130,4635364435,2815954661,5167833679,7824374651,4686536668,83200000000.0,1804345459,2785100256,8246610689
07/2011,4966475493,2312460159,1302901485,4254705126,1278734079,21300000000.0,3459101768,1630000000,16905208707,4850417861,2957027542,5369426764,8003137623,5229464663,89000000000.0,1937392748,3034999177,8581586141
08/2011,4902335302,2365379834,1361472092,4189735232,1289526024,21000000000.0,3565035994,1640000000,16660083883,4598423635,2898820592,5594665261,8403829805,5345027140,87100000000.0,1872052718,3106278529,8230634455
09/2011,4938160851,2232330194,1327548712,3501109361,1192800222,20900000000.0,3354025261,1560000000,14646684796,4502227887,2653176163,5558794822,8768315820,5302880376,86800000000.0,1861425319,2964246530,7815880739
10/2011,4841978847,2176648439,1195374122,2803411857,1144093612,21000000000.0,3190962206,1500000000,11914470683,4043227066,2654005713,4997473525,8323144041,4924604501,80200000000.0,1367265802,2733794100,7327762400
11/2011,5840444784,2581816603,1607728372,2943829194,1488871964,21400000000.0,3297604612,1730000000,12071212381,4459640190,3692190533,5477367051,8165902595,5203209826,91600000000.0,1775432027,3476063221,7918667301
12/2011,6354895728,2025075457,1418144868,3754615281,1140814856,21500000000.0,3087396191,1870000000,13146012264,3932649121,3841444838,5557636512,7686401294,5337091720,90900000000.0,1894189903,3324111086,8185969520
01/2012,5408472175,1764319357,1091322288,3879978554,862855208,15200000000.0,2557916642,1490000000,13517551447,3783484881,3301616539,4834566726,6571206393,4906880591,78100000000.0,1615558669,2762110958,7576071368
02/2012,3703417632,762611565,629256279,1766695059,697594537,16600000000.0,2185750923,1200000000,5291051913,3193979986,1827136062,3815778153,5819233775,3700997926,61500000000.0,1898059314,1720669488,4173205799
03/2012,5216334333,1648848829,1044974520,2942466313,1029012974,20900000000.0,2810140053,1840000000,9992691017,4746299223,3426921279,5649510421,8129813535,5220738317,88600000000.0,1899990375,3073482966,8387141538
04/2012,5010720604,2144551254,1373675068,3099265257,1123293143,19600000000.0,2747963604,1790000000,10102258687,4416474478,3812615415,5391349167,8164992812,5164093956,87000000000.0,1548812177,3563809152,8299612705
05/2012,5187289746,2601673904,1637288150,3793607352,1335789227,20600000000.0,2921896493,1860000000,12289615522,5002997373,4473342088,5945591136,8453999417,5832728105,96900000000.0,1865526052,4278420434,9108509984
06/2012,4996334304,2473158693,1572851299,4207811067,1256072254,23400000000.0,2958876719,1890000000,14147224395,4977172034,4198302487,5689890978,7945093835,5702819963,92300000000.0,1844655587,3943914737,8290726895
07/2012,4892216595,2362378973,1643912584,4623959775,1290740157,22400000000.0,2975664111,1900000000,15478595673,4206322015,4163859224,5621240583,7469507029,5669285780,90000000000.0,1501504029,4155152486,7878182818
08/2012,5021370597,2117076166,1508944730,4455423024,1283837047,21900000000.0,3411171799,1860000000,16137377247,4069770424,3745263338,5684099398,8034137941,5768549309,90700000000.0,1693729858,4053355590,7897037356
09/2012,5349897252,2222267213,1538722443,4040383585,1341065443,23600000000.0,3617414838,1930000000,16183176202,4553424452,3973795203,6102727983,8865046821,5703310014,94700000000.0,1728921808,4277084844,8389952457
10/2012,5216490556,2199520924,1422981059,3410459049,1203485854,24900000000.0,3202276088,1680000000,14387534777,4030526690,4045912676,5328221591,8526865316,5028212991,88500000000.0,1601801920,3963262997,7922771605
11/2012,6055366431,1922310023,1342954370,3077020567,1133757489,27100000000.0,3404651947,1860000000,12567175622,4293898689,3539470020,5515817225,7776302013,5346116933,91600000000.0,1945437872,3461082784,8006284373
12/2012,6475719320,3090383496,1939054618,5066445288,1291217639,29000000000.0,3535761636,1970000000,15158871066,4212747304,5367686474,6281894104,8076441205,5661954304,98900000000.0,2165951216,4330175156,8475585532
01/2013,5949835939,2613197142,1654194182,5249388763,1181062494,25000000000.0,2816771811,1740000000,15121994531,4238275428,5137680377,5688473726,7026328445,5503191944,95600000000.0,2087213579,3910967940,9089616343
02/2013,3867741062,1799100450,1069475630,3208182392,858655695,21000000000.0,2196910900,1380000000,10312750635,3640656081,3203196980,4500650989,5670975372,4093428193,70700000000.0,1965436349,2828253132,5810144266
03/2013,5215124251,1532854321,1080582945,2518823718,1154419254,33900000000.0,3025147116,1700000000,8917386551,4490346001,3268372337,5848170393,7668344719,5245265826,94200000000.0,2383999619,3319018740,7389456043
04/2013,5631428183,2247555419,1376198046,3118573717,1239482715,28400000000.0,2847352356,1790000000,12270492031,4912057842,4224507641,6004316516,8942894392,5283604789,96100000000.0,2406501592,4082997178,9543746625
05/2013,5649352506,2542947692,1540917774,3647005609,1350935718,21500000000.0,2965777082,1950000000,12860915363,4894812370,4323728385,6014153933,8400123252,5761751272,96700000000.0,2294183025,4422111166,9605665132
06/2013,5243223490,2481927634,1500967794,4079329805,1315964735,20900000000.0,2941199714,1900000000,14454825048,4584489260,3912321609,5603145570,7806541026,5581757679,89600000000.0,1691178406,4002252084,9119271391
07/2013,5510731441,2442259783,1622745720,4490378868,1424957409,23300000000.0,3505601281,2060000000,17648607861,4412776714,3878076570,6038027723,8135715206,6044577613,92800000000.0,1714820276,4081121126,9454007721
08/2013,5415602830,2298839050,1544466323,4454499441,1461288982,23900000000.0,3573701589,2030000000,18194185382,4936104652,3548687002,6225260583,8371359415,5951330350,96000000000.0,1997579575,4092261308,9240864159
09/2013,5447476990,2255047479,1642323304,4347691265,1463047283,21500000000.0,3230118500,1980000000,17091919100,4073044088,3469430681,6213664029,8890284489,5644212969,95600000000.0,1837875345,4087034623,8963062780
10/2013,5648713709,2377636804,1909312489,3971784944,1512790388,23400000000.0,3032795420,1910000000,15170641306,4196730142,4132691687,5983530155,9508817354,5388034205,94400000000.0,2101708140,4294719452,8443903238
11/2013,6411094089,2421516775,2028422002,3935778498,1539843592,27700000000.0,3200730852,2140000000,14660271582,4262223532,4622459264,6587593860,9123542902,6031409110,104000000000.0,1772199988,4564689812,9353258658
12/2013,7058094291,2573512917,2193175794,5124136855,1591543952,26900000000.0,3286965521,2150000000,15903589826,4571249443,4958090929,6837160110,8818768601,6096530814,106000000000.0,2252488734,4823143006,9635604405
01/2014,6719236478,2873958323,2201437681,6157864859,1512588829,21500000000.0,3398766716,2260000000,17664251150,5605404628,5310214097,6699381929,8314782330,6561149363,107000000000.0,1978674784,5005785811,10428456726
02/2014,3207446703,1058461504,754024039,2328264696,833063621,16900000000.0,2364403753,1330000000,6464537249,3684008596,2017726538,3924434209,5296677762,3654545895,58800000000.0,1805896117,2233800698,4139310310
03/2014,5499870475,1528947696,1222843321,2992302340,1260253306,21300000000.0,3484821768,1910000000,10071261362,5256383865,3229799884,5898293871,8177747343,5546131033,90100000000.0,2469246694,3674272996,8166588579
04/2014,6041351072,2229456994,1437040735,3907630389,1361014398,21300000000.0,3599385493,2120000000,12847925889,6012682181,3964279932,6758797400,9044844169,6116127247,98900000000.0,1974415608,4488233309,10441620153
05/2014,6099800477,2408678862,1560221778,4308801433,1441337783,22500000000.0,3424155647,2140000000,14175883454,6371976842,4099986373,6878268014,8847286663,6127104646,102000000000.0,2174559030,4544941546,10337033667
06/2014,5851748875,2381511515,1583499953,4790371541,1452486606,21900000000.0,3418928893,2050000000,16005421701,5569393152,3772173216,6409065114,7869913845,5812978961,95200000000.0,2073279587,4110422393,9144397857
07/2014,6031677271,2584416891,2143377942,5808202788,1794948757,24900000000.0,3581620931,2410000000,19759559594,6304229713,4223903881,7235224128,9167653725,6784764742,107000000000.0,2043855770,4695140854,9959201618
08/2014,5822905471,2493584269,2125227898,5662666148,1773587772,23400000000.0,3709409165,2220000000,20058535534,6027469215,4132956856,7209545846,9381397357,6286132420,105000000000.0,2444035822,4642503881,9801560147
09/2014,5881406412,2468649934,2242563851,4916400513,1718492470,22900000000.0,3434141128,2190000000,18337274750,6296093518,4000073636,6892249841,9144732964,6081775801,114000000000.0,1875136849,4586256051,9610123915
10/2014,6159184779,2294091627,1972993408,4103447273,1618232992,25100000000.0,3498548029,2110000000,16403660633,6145920297,4064352410,6748886160,9251882426,5807823163,108000000000.0,2714225578,4360761551,9609757110
11/2014,6823714100,2261276907,2108978273,3959213408,1561796175,26500000000.0,3914973813,2260000000,14453988501,6653290657,4623819387,7009396292,8933268916,5935424762,111000000000.0,2025752557,4467709572,9417888270
12/2014,7153853484,2539981796,2719846495,4901828663,1608961630,26900000000.0,4005072665,2530000000,15506154425,6887030782,5186997174,7794220627,8737351279,6797093004,121000000000.0,2205684990,4976518062,9649712531
01/2015,6275075526,2576438884,2852865512,5473612848,1667843022,19500000000.0,3606346883,2210000000,15375669638,6846502965,5357821191,6750959330,7973021454,6085162191,104000000000.0,1469183580,4905148385,9603174983
02/2015,4928876924,2333584216,2045718496,4412837316,1292909930,16300000000.0,3199838085,1980000000,12874376001,5251964973,4324997188,5857777448,7153603781,5263466676,89400000000.0,1029063515,4095459140,8307685992
03/2015,4505220220,1227034425,1124006186,2183965082,1154521957,19500000000.0,3387799421,1740000000,6471517616,4731419075,2703764717,5191684442,6512477926,4606265683,77200000000.0,1569196640,2815781408,5777424919
04/2015,5560933578,2129761219,1551835887,3373716091,1440666049,18900000000.0,3441597121,2130000000,10106799638,5236456275,3963456434,6431551422,8121819505,5785160362,95200000000.0,1482178707,4233996044,9298910993
05/2015,5807405480,2755503065,1977991901,4316716165,1588749219,20400000000.0,3872882290,2260000000,12958751689,5329876821,4426683977,6764626260,8669287810,6053460932,99000000000.0,1294942466,4542905403,9924790597
06/2015,5617945877,2761292207,2045176123,4924800908,1577523276,21300000000.0,3362413145,2050000000,15466904795,5109899067,4054258499,6598604004,8173240692,5874357254,98000000000.0,1690348953,4475782192,9342346958
07/2015,5500968711,2457363093,2005478298,4948095031,1659637068,21100000000.0,3497173457,2190000000,17265256165,5316383764,3787297711,6646023099,8162729943,5975254068,100000000000.0,1544246781,4424270013,9367730134
08/2015,5562511857,2336020966,2006350644,5051339783,1653326558,21600000000.0,3178763976,2220000000,18568962576,5142230686,3677222210,6788633608,9020475040,5557660232,101000000000.0,1698349017,4593376102,9592242870
09/2015,6058120344,2399966930,2446591657,4310780828,1796809790,22800000000.0,3500848467,2300000000,16714595009,5674030493,3707176132,7219267015,9394226997,5854489536,108000000000.0,1949862766,4579750044,9552392197
10/2015,6076045812,2256155175,2443560014,3570894563,1670807936,22400000000.0,3054087926,2100000000,14070096317,4663745929,3856759546,6555918389,8471726693,5180626453,103000000000.0,1570314885,4305209829,9073272071
11/2015,6483627895,2299864717,2694140589,3538725477,1672641276,24600000000.0,3149429596,2210000000,12974745006,4618244319,4287015199,6701212201,8247518172,5142708711,105000000000.0,1863838810,4548700191,8564147831
12/2015,7760127819,2668576138,2835008201,4990191828,1689769979,26800000000.0,3806937555,2600000000,16609400532,4874814056,5044509776,7584170833,9158988488,5972894165,117000000000.0,1925890357,5094674618,9675884319
01/2016,6196983083,2222728869,1704653406,4560200925,1269753607,16000000000.0,3101393388,1990000000,13683258264,4251647320,4555718253,5990407693,7315139237,4985821307,88400000000.0,1277794926,4198583247,9166933971
02/2016,4168603468,1339885612,863153996,2701078498,936908749,14200000000.0,2239651993,1560000000,8804927082,3451916829,2520721956,4274813711,5429507156,4175924787,63000000000.0,1192697587,2650701470,5882876059
03/2016,5750681148,1457039313,1146242710,2620379828,1289828230,19200000000.0,3175572021,1980000000,8241677260,4183730388,3237112399,5835078586,7370950981,5075035673,81700000000.0,1302442661,3541556352,7647648208
04/2016,5578872403,2183653628,1485280690,3417612707,1351792785,18000000000.0,2963801746,2170000000,10421691389,4222699712,3763539442,6354965783,7989614329,5231048353,88900000000.0,1250473599,4266068035,9379724598
05/2016,6198272789,2378543123,1535154649,3827753476,1500857307,18000000000.0,3206310702,2300000000,12555905865,4684494109,3838327949,6482789819,8131736787,5822175455,92200000000.0,1362506087,4400012910,9889593319
06/2016,5673712230,2312171888,1610352788,4039706979,1476682425,19400000000.0,3094976423,2250000000,14232069668,5535720264,3594500179,6362543149,7713545218,5451507567,91000000000.0,1566762725,4205407359,8899718136
07/2016,6157325270,2116345292,1438269128,4396919642,1559774638,19400000000.0,3115253898,2310000000,15517042543,5300943046,3577138851,6525142463,8187182226,5664933588,92300000000.0,1875757782,4239148656,8869296427
08/2016,6428756024,2045032534,1580690757,4295252547,1694176862,19200000000.0,3225442105,2360000000,17002839960,4832096517,3722413134,7010652796,8858005097,6074973691,97200000000.0,1561964757,4532264397,10048945491
09/2016,5948322746,2062426914,1607894929,3514187372,1596722246,20100000000.0,2656701364,2210000000,14525869073,4708388225,3476804670,6775827608,8720157417,5494399595,96800000000.0,1796843334,4175144556,7560043614
10/2016,6070539449,2001421614,1435416455,3150981352,1596889515,20200000000.0,2748961088,2050000000,12512587606,4179685496,3389560998,6334635255,8201708815,5073629962,94700000000.0,1781086029,4081559858,8466529978
11/2016,7158292496,2143315084,1646391257,3467988446,1642815378,22900000000.0,3062731163,2350000000,12078002056,4540422053,4094093410,7051400265,8825838053,5824975846,103000000000.0,2032092547,4497845194,8864672511
12/2016,7299484841,2661577069,2214122625,4898574393,1809920828,23700000000.0,3362067663,2540000000,13870386203,4596692458,4652292598,7680777512,8567137601,5800307335,111000000000.0,2395431307,5127036018,9055717283
01/2017,6434003863,2435442682,1595786896,4855043444,1356403568,17400000000.0,3058133798,2160000000,13812371173,4542635734,4308553361,6466970162,7511771607,5646400020,95300000000.0,1395255293,4556876930,9446320075
02/2017,3748166348,1007919168,672283678,2064465959,870587934,16400000000.0,2602555129,1530000000,6151381755,3521198632,2115901876,4177951811,5301888250,3836377827,63000000000.0,2057886005,2452297033,4476773602
03/2017,6019050189,1947720624,1351606237,3384330290,1486013658,20400000000.0,3512085612,2390000000,10507993725,5111671784,3935634719,6782776938,8197628892,5594357462,95700000000.0,2321363862,4462153339,8938312006
04/2017,5840907179,2423489646,1584156409,3762004329,1503968423,19600000000.0,3401319297,2390000000,11335490730,4749652312,4035082872,6636725897,8154161335,5715934027,93700000000.0,1721492506,4603617292,9645522461
05/2017,6174290607,2683567540,1747460690,4057967854,1662264528,20000000000.0,3668141956,2470000000,12534393163,5033982587,4260435767,7012898979,8592764918,6219220143,100000000000.0,1931564881,4930327250,10246154409
06/2017,6204915303,2570424582,1677272847,4276400633,1615634533,24200000000.0,3754412465,2580000000,14238899995,4821944171,4030689032,7015048429,8144623853,6182457570,100000000000.0,2012534849,4768608234,9499955384
07/2017,6056401213,2332193406,1731987069,4477383236,1678488709,23900000000.0,3474744297,2490000000,15585724144,4776452763,3684504069,6923515172,8161844163,5956642340,97900000000.0,2120883266,4620687657,9171080142
08/2017,6269764089,2146914903,1711134123,4238386660,1682194314,24700000000.0,3582170900,2560000000,15934603473,4703942940,3647649408,7434769074,8628053689,6287067326,101000000000.0,2110202178,4607575396,9516207671
09/2017,6075526657,2193129931,1675767730,3682836389,1591568242,25100000000.0,3134149057,2440000000,14351200282,3904693472,3609040214,7423218805,9262885884,6057426744,104000000000.0,1754525199,4594919983,8835372213
10/2017,6479322767,1990430659,1551872304,3122920114,1422082835,23600000000.0,3234001373,2310000000,12143571030,3967173835,3593407328,6843532672,8471375822,5808591652,100000000000.0,1893212703,4185010890,9076308832
11/2017,7775729581,2312945846,1858365185,3390464053,1561526165,27400000000.0,3688679036,2650000000,12752374492,4434122998,4333433441,7976210064,9189047271,6428497263,116000000000.0,2880110685,5035509846,9830876711
12/2017,7973493748,2579865818,2152495854,4367896782,1691812637,28200000000.0,4336084716,2830000000,13445396857,4934269415,4715939833,8791998188,9144831576,6780757479,126000000000.0,3262940218,5737284357,10025141158
01/2018,6969705634,2246942058,1788675417,4500497558,1495755281,22500000000.0,3681447046,2390000000,12606658200,4243672776,4548847474,7355401457,8259289933,5950842112,108000000000.0,2223654818,4905327037,9849892133
02/2018,5006807347,1911189741,1328077307,3562358476,1205696543,19800000000.0,3316149225,2160000000,10943835651,4211231340,3618599671,6457017106,7361593488,5690326774,91600000000.0,2065490996,4242096855,8793277748
03/2018,5771309916,1352587447,1116804457,2191353451,1347439805,26500000000.0,4125011203,2290000000,6917503325,4695294769,2937250970,6648936280,7723427795,5667178558,91900000000.0,3831695806,3692746681,6906454989
04/2018,6661615937,2206809967,1667440632,3141299308,1543225238,25000000000.0,4144031708,2560000000,10486066029,5465136880,4036142119,7644161426,8607265609,6544285479,106000000000.0,3015865952,4929311236,10375159522
05/2018,6628524073,2539576936,1847434544,3570375281,1684107288,25900000000.0,4517376838,2710000000,11630795956,5936569771,4417337258,8002726975,8933605874,6848820052,113000000000.0,3699160693,5331198366,11077841625
06/2018,6444978210,2729247281,2015440101,4227634587,1698717446,27100000000.0,4464709321,2830000000,14332741688,5895917933,4406676512,8192593520,8696411665,6903413213,113000000000.0,3010510382,5442002244,10517567882
07/2018,6829287805,2495370955,1900834290,4432016523,1715521630,27400000000.0,4155142477,2730000000,16244571823,5212523255,3986511894,8241022357,8676535256,6899490408,110000000000.0,2886773779,5189460295,9984346399
08/2018,6308916638,2258757073,1875416289,4204450461,1715055615,28200000000.0,4185262447,2730000000,16217395025,5149660819,3980387009,8264247280,9114629206,6802398835,113000000000.0,3401103928,5250170400,10099494497
09/2018,6591081128,2265429938,1725862577,3840160483,1700368974,29600000000.0,4458649024,2800000000,15503738790,5254878568,3976836484,8390944876,9780303029,6689631502,120000000000.0,2578808301,5332812910,10410519619
10/2018,6863140954,2198504480,1870269178,3309413211,1627010924,28900000000.0,4288257259,2540000000,13047432158,4808451811,4014263545,7754214070,9031030231,6158226588,115000000000.0,2682432422,4912775531,9559836416
11/2018,7561670156,2339075139,2070555646,3329023043,1763530624,29400000000.0,4522589902,2790000000,12233982097,4800113405,5002075613,8340495066,9526427492,6510879055,121000000000.0,2931610473,5709943309,10114168274
12/2018,7580087190,2545524308,2358121181,4140759150,1764934001,28100000000.0,4222240628,2870000000,12793203874,4922513637,4811007419,8616851608,8868588590,6494117333,117000000000.0,3556592679,5744233580,9771975132
01/2019,6991383652,2600803978,2357186938,4912082927,1820484982,25300000000.0,4232153405,2720000000,13235717772,5082702658,5153387195,8323612786,9214450453,6540908934,116000000000.0,2952312507,5981723010,11309347713
02/2019,3724116223,1238681251,1257772273,2212094257,1188569231,19700000000.0,3133750832,1820000000,6840611786,3462229840,2449203048,5109464729,5599164557,4290843119,71600000000.0,2113431229,3099795739,5870940789
03/2019,6461709874,1655328684,1492638045,2681262162,1786364790,26700000000.0,4612741556,2750000000,8341695163,4939187471,3795632899,7822864643,8414281184,6402461353,107000000000.0,3966528129,5015879360,9376576892
04/2019,6136579862,2261331735,1844428742,3279645552,1708313434,24800000000.0,3791788326,2570000000,9318559948,4980117223,4173349338,7402477985,8350514047,5828793531,104000000000.0,3638397384,5242123405,9669957902
05/2019,6635225191,2640506213,2018420621,3817192764,1907519837,25200000000.0,4533706307,2930000000,11784259305,4929428473,4576679158,8393100855,9124353775,6650411855,116000000000.0,2685965053,6011807684,11511682493
06/2019,6525204395,2503504082,2084580864,4114920370,1846100517,28100000000.0,4102140296,2940000000,13854337026,4585853838,4140493173,8029015332,8532090145,6643128642,111000000000.0,3150556858,5617222801,10170280809
07/2019,6470372979,2440899361,2143412631,4632708099,2060948197,27900000000.0,4267125534,3030000000,16226950354,4887895706,4138832653,8405945329,9014487508,6942397175,116000000000.0,3208111520,6001110007,10609590161
08/2019,6352198006,2257525511,2289374448,4194283688,2009467942,27200000000.0,3844208433,2930000000,15200626478,4353831398,3955487239,8356031355,9060929796,6370337071,113000000000.0,2396954454,5890538533,9867123085
09/2019,6575652835,2181157890,2197695369,3640415516,1849141508,27200000000.0,3672520243,2900000000,14303007627,4469921243,3727443289,8171338758,8950371358,6504694283,119000000000.0,3285105257,5550519262,9631043212
10/2019,6903184239,2296830119,2285514258,3348225909,1815961049,29500000000.0,3410629788,2790000000,12341378572,4010588453,3908074343,7784535813,8686705915,5981070623,114000000000.0,2945490218,5579718230,10023550875
11/2019,7551505533,2331364635,2429357083,3558370126,1926861400,30200000000.0,3689419406,3030000000,11742981596,3930245505,4436039103,8349115939,8620395450,6028310299,120000000000.0,4142027013,5951182455,9831181543
12/2019,8153366558,2818306389,2719123349,4561847331,2081840268,29500000000.0,3885835065,3330000000,13531382279,4116281426,5371773572,9326203428,8760769789,6871748148,130000000000.0,3951560538,7002928544,10900702509
01/2020,6548399046,2654591363,1823633499,4819296682,1696860587,23500000000.0,3861640404,3130000000,13536482918,3769494434,4912669281,8449988752,8532566853,6805592871,114000000000.0,3106194454,6190644791,11398876641
02/2020,2925547397,451505540,493459940,859331242,661708730,15700000000.0,1862161178,1060000000,2497640152,2331103302,876277549,2941164931,2953404369,2798027929,40552925800.0,3078962772,1445161825,2349511109
03/2020,6729868585,1278000630,1506152063,2071919133,1879791882,25200000000.0,5011673777,2750000000,6501232513,4856426377,3142579528,7196908281,7680235050,5811502107,100000000000.0,3705093632,5219893364,8903246403
04/2020,6479583918,1358350067,1489233327,1857477134,1779403098,30200000000.0,4079079314,3680000000,6733265136,4750678524,3700829420,7932646116,8636476374,5244024038,109000000000.0,3316769894,5833774688,14570429337
05/2020,6350103696,1500314476,1726065222,2081972280,1663056663,31100000000.0,3948949400,4550000000,8898813537,3660292487,3994603946,7853774724,8777933602,4480692386,113000000000.0,1257680169,5990892779,20618706101
06/2020,6052006107,1708398214,2250839300,2938290744,1760240701,29200000000.0,3701036238,4320000000,12829062504,3372634328,4700772679,8174670314,9452530105,4866415400,115000000000.0,1199766850,6585181196,16118309601
07/2020,6427021456,1868319382,2576610146,3555076146,1969111800,32600000000.0,3659112546,4190000000,15297926017,3642450481,5281787571,9279767009,11150626124,5822154164,127000000000.0,1054764153,7357051488,15926850989
08/2020,6218258631,1717981354,2346573705,3441115764,1864217243,31500000000.0,3670749967,3740000000,16191056866,3317480855,5111341510,9180799167,11458244259,6237832114,125000000000.0,1511162091,7247924879,14668312987
09/2020,6605298570,1768993835,2250471271,3339353495,1828723564,33400000000.0,3692413376,3720000000,15209494947,3461307440,5084195820,9584528700,11649819239,6904533746,127000000000.0,1431858842,6939520844,13098093955
10/2020,6594995390,1838595892,2382864266,3157957054,1809702362,32800000000.0,3746142223,3490000000,13179253877,3626580145,5418067037,9178896269,11008512998,6858010261,128000000000.0,2034236974,7039358723,11614908477
11/2020,7467716049,2133657233,3042191021,3235605478,2009270684,35300000000.0,4198422823,4060000000,12513933209,4067765310,6584276791,10038013915,12282818380,7631191554,149000000000.0,1748006764,8114900707,12002714895
12/2020,7548926053,2349573679,3224925348,4076354150,2073774013,38900000000.0,4545644570,4530000000,13905389666,4587924010,7115065627,11229613424,12452704345,7538187730,154000000000.0,2135371155,8580555370,12273458966
01/2021,7023774001,2248201103,2505502618,4337745580,1840492495,33800000000.0,4542703975,3760000000,13480460909,4663731520,6217809392,10844155388,11423299852,8302773889,145000000000.0,2250350816,8082594212,13038600703
02/2021,4726405800,1568195612,1502276348,3159480077,1327114385,26900000000.0,3905931114,3020000000,10450041918,4153165172,4163649168,8443204429,9249219789,7403415114,111000000000.0,2375206051,5688388761,9013532092
03/2021,6320198078,1437331745,1696286435,2480402503,1640889983,34600000000.0,5710185307,3730000000,9149451959,6288983706,4881461375,9857863303,10965732414,7902096344,129000000000.0,3357160751,6621899646,9603679071
04/2021,6614770720,1930065880,2226569353,2897778570,1786584532,33700000000.0,6132279034,3870000000,10927887554,7311786290,5784080118,10634308081,11445988058,8386967126,143000000000.0,3541202042,7727268339,12045664866
05/2021,6861105067,2086522356,2303398604,3344328600,1817416410,32600000000.0,6356959851,3850000000,11996310665,5813496973,5826548073,10503701745,11204931138,8553566029,143000000000.0,2874064502,7845068834,12000007755
06/2021,6781506592,2214275029,2312472990,3849182700,1931122277,35100000000.0,6259214386,4130000000,14480620663,7915858511,5639731985,10995680021,11134086073,9150609757,149000000000.0,3478035658,7922432506,12320272997
07/2021,6661228803,2287866002,2444460637,4228816534,1930548962,37800000000.0,5876865653,4070000000,16054665105,7300434821,5542214167,11247353422,11360128433,8888616397,147000000000.0,2607934292,7777874958,11519160752
08/2021,6980978774,2468730835,2610826929,4617507863,2122825871,38500000000.0,6113215106,4050000000,17310328266,7009699664,5774529445,12377289499,12123262132,10138692142,154000000000.0,2147288609,8489394570,12325985969
09/2021,7384884141,2462218638,2559534520,4253302354,2156914329,40400000000.0,6504496900,4310000000,16447938948,7047023336,5722069042,12319964824,12614431103,9106406432,164000000000.0,2428631050,8535323952,12189898897
10/2021,7503932769,2574346428,2754124036,4205727563,2168250005,40400000000.0,6389244181,3910000000,16180043981,6625095736,6042823186,12078161957,12219969486,9891041499,159000000000.0,2454226933,8458864325,12340064980
11/2021,8409775839,2677753012,3011110270,4551980107,2387877165,44400000000.0,7115968058,4400000000,15008626882,7180495426,6570158558,13506063384,12362225906,10185108133,175000000000.0,2732611190,9343001347,13073034320
12/2021,8856461278,2830834285,3086150050,5148878422,2368131492,47000000000.0,7675177605,4520000000,15682360426,8026840401,6684754369,14484226522,11979394680,10025349875,183000000000.0,2232242122,9499062590,14141553809
01/2022,9017090166,2952713159,2847647963,5756596500,2471183321,39200000000.0,7714830051,4130000000,15537513244,6636260878,7134812665,14044013363,15389318166,11767383681,175000000000.0,2683427878,9931558058,16451314990
02/2022,5168877587,1656033294,1505675332,3224675003,1574937129,30700000000.0,5620461503,2800000000,9499467294,4818142480,3876280609,9030490494,11092535416,9060070708,113000000000.0,2406489819,5575806961,8044334926
03/2022,7632181699,1883915908,1728069067,3125330683,2183082953,38400000000.0,7957502520,3660000000,10116970418,6523758609,5438873968,11992931259,13523086025,9618849892,146000000000.0,3383607879,7969106377,11711859443
04/2022,7949445942,2510520030,2246764206,3707380586,2402625759,33100000000.0,7270330749,3340000000,11125381501,6910882974,5866633422,12800902487,14029245209,8735050331,144000000000.0,3632717157,8435202027,12124035001
05/2022,8711145696,3195482257,2738197378,5021684665,2770823600,33700000000.0,8813425447,3770000000,14996689577,10422730428,6166499483,14054456146,13432801500,10747955928,162000000000.0,3104234013,9350532739,13906503903
06/2022,8360217354,3403736723,2806930345,5646613625,2911672781,38500000000.0,9012414995,4300000000,17814779294,11162179764,5915373235,15121646017,13261793769,10819292627,171000000000.0,3255752066,9587588802,13345117327
07/2022,8533597399,3339334802,2783055815,5841527482,3067032715,37400000000.0,8598308437,4430000000,19364323480,10070576762,5684214651,16448259584,14118229846,12556517690,172000000000.0,3550154525,9473383435,13359358745
08/2022,8262903510,3058328776,2633475649,5340503926,2891115402,34100000000.0,7744847862,4450000000,18268457516,8598224533,5240207741,16397896243,13751228809,13412524942,163000000000.0,4949437642,8729952743,12279517495
09/2022,8146096083,3176354736,2816671357,4594788774,2790171495,37600000000.0,7351669445,4260000000,15784016406,6656124617,5413125223,16435093891,13821526428,13130630644,173000000000.0,5451269761,9027937640,11914143871
10/2022,8218338678,3115269326,2947731318,4301760158,2731014521,36100000000.0,6827681438,3820000000,13423758183,6373996736,5581103107,15252829905,12283191006,13634712859,156000000000.0,3865985159,8686855464,11201367701
11/2022,8729312621,2970556955,2891627950,4715036232,2734227591,31900000000.0,5812620981,4180000000,12901241107,7062293006,5638682694,16000050208,12379063924,14326141302,155000000000.0,5395572050,8925760440,11128009451
12/2022,9134045855,3131992927,2890776798,5194822505,2584908404,33400000000.0,6192447031,4440000000,13806832697,6982051645,5749902467,16354925788,12076104998,12736413915,159000000000.0,6463400630,9011778245,10801166598
01/2023,7713498860,3098088277,2261751425,5352391389,2382299763,25100000000.0,6290061630,3840000000,13569941089,7601879272,5925795972,15775890957,12593870532,14509008427,156000000000.0,5290508059,8484416500,11972034755
02/2023,6689561291,1490654492,1196815804,2269182772,1714898247,24400000000.0,5375574630,3090000000,7177045908,6390766251,2829280905,12168076117,9518425088,12167350204,110000000000.0,4853166298,5050750320,6803878182
03/2023,8899728950,3359844236,2340639028,3967409199,2728807404,32100000000.0,6171277357,4430000000,12711780455,9375474948,5855557861,16850215590,14358275733,15100254521,161000000000.0,4072705613,9489300090,12483418031
04/2023,8205963930,3379383508,2487853259,4130872272,2622174076,28600000000.0,5647154096,4150000000,12279281759,8420203650,5759227150,15987758626,14152938274,15974623944,154000000000.0,2749571078,9005881896,12484379287
05/2023,8073614134,3265917670,2126672661,4536651524,2498782988,28100000000.0,5810616128,4030000000,13082955372,7578341304,5288426915,15802181130,13325700289,16667099927,148000000000.0,3455120268,8406699329,11919172642
06/2023,7841024364,3310707051,2122869344,4513192937,2481467289,30500000000.0,5576858881,4160000000,15290078663,6511083264,5169389108,15358987581,13316656088,15290086016,149000000000.0,3105259537,8628051230,11457553681
07/2023,8084691042,3063362812,2150360782,4488374028,2502522189,29200000000.0,5212023942,3970000000,15870050024,6268383362,4993694073,14920559072,13596320219,16258115268,147000000000.0,3749822152,8309234513,11044093793
08/2023,8119921073,2860527920,2119071458,4227735517,2516456125,30100000000.0,5167591889,4100000000,16096946250,6705720119,5044471875,15518291159,14931590160,15808993575,148000000000.0,4516784745,8283237000,11563533062
09/2023,8306866940,2816261860,2086961826,3812632362,2458631124,33900000000.0,5831973961,4310000000,14311125109,6561522001,5164511624,15678522575,15223326886,16779558287,156000000000.0,4469688563,8404044231,11406735850
10/2023,8261783824,2729844947,2060084747,3409949629,2290261627,29500000000.0,5142451629,3600000000,12156613332,6276801178,5226768140,14106585448,13214353228,17106034929,146000000000.0,4129194126,7807440205,10592138463
11/2023,9119821505,2933311494,2406329811,3860252817,2517547761,31300000000.0,5597126257,4240000000,12533380987,6490629722,6089941711,15138045988,13855312024,17219436614,156000000000.0,4228549907,8877123050,11069002879
12/2023,9379978862,3419482659,2717856223,4767798930,2649590001,33900000000.0,5513339495,4490000000,14065481138,6374800442,6848587401,15659466053,14285276722,16392760818,160000000000.0,3705523820,9866176233,11184081146
01/2024,9185937114,3418493103,2799010388,5380954346,2716885860,32335926987.0,5476411687,4184982117,13948345426,6974199096,7468792776,15598015379,15448917658,16725295960,117000000000.0,3459488988,10103533924,13368164139
02/2024,5814603117,2267797108,1545155835,3337028419,1883182743,255111000000.0,4098067383,3117600195,9413070618,5647481746,4462983155,11220529210,11146829640,13707434530,83173684310.0,3195078257,6520789648,8341612432
